"gencodeID","Symbol","logFC","t","P.Value","adj.P.Val","B","ensemblID","Length","gene_type","EntrezID","AveExpr"
"ENSMUSG00000028222.2","Calb1",-1.13183447622984,-17.0398574690796,1.31470011497915e-13,2.78545513360633e-09,21.3559223362859,"ENSMUSG00000028222",4846,"protein_coding",12307,8.61443987894387
"ENSMUSG00000061762.12","Tac1",-1.70180407798309,-16.0732161048206,4.03582662992199e-13,4.27535294040786e-09,20.0549703308899,"ENSMUSG00000061762",3399,"protein_coding",21333,6.78605917463785
"ENSMUSG00000020000.7","Moxd1",-1.69878123453669,-15.4334875666624,8.75712404273708e-13,5.31747620735517e-09,18.8728614607104,"ENSMUSG00000020000",3198,"protein_coding",59012,5.58752550076258
"ENSMUSG00000031932.14","Gpr83",-1.35087408040867,-15.322941574969,1.00391300464533e-12,5.31747620735517e-09,19.1383917688292,"ENSMUSG00000031932",5095,"protein_coding",14608,6.51620818443866
"ENSMUSG00000026841.7","Fibcd1",-1.49160583975304,-13.3472209716112,1.34104546162678e-11,5.68254603909733e-08,16.1147320696403,"ENSMUSG00000026841",4751,"protein_coding",98970,4.92111923828166
"ENSMUSG00000021303.13","Gng4",1.47674724544867,13.0985201478562,1.89946608328025e-11,6.7073313177431e-08,16.1796122751946,"ENSMUSG00000021303",3229,"protein_coding",14706,5.8506464568146
"ENSMUSG00000027347.18","Rasgrp1",0.778201043743092,12.944607427006,2.36236309607717e-11,7.15019813094101e-08,16.1501179990337,"ENSMUSG00000027347",5600,"protein_coding",19419,8.73560299062289
"ENSMUSG00000038048.7","Cntnap5c",-1.75003786938376,-12.2292089267162,6.69237530416697e-11,1.77239194461732e-07,14.6562595676083,"ENSMUSG00000038048",3918,"protein_coding",620292,4.85628280145552
"ENSMUSG00000051111.15","Sv2c",1.6503638635348,11.6132872519386,1.70436867321339e-10,4.01227323104135e-07,14.0475239224736,"ENSMUSG00000051111",9303,"protein_coding",75209,5.54586642009996
"ENSMUSG00000024427.6","Spry4",-1.44892331704697,-11.4864539909094,2.0757382826417e-10,4.39786669943298e-07,13.5922676516059,"ENSMUSG00000024427",4587,"protein_coding",24066,4.69152820430181
"ENSMUSG00000021708.16","Rasgrf2",-0.634930097586721,-11.3701734113014,2.49045532009372e-10,4.79684335152961e-07,13.8409676804667,"ENSMUSG00000021708",8810,"protein_coding",19418,7.95038547216309
"ENSMUSG00000017493.12","Igfbp4",-1.19509915478919,-11.3060474416128,2.75524487827899e-10,4.8646144363414e-07,13.6125486028711,"ENSMUSG00000017493",4416,"protein_coding",16010,5.37539508946559
"ENSMUSG00000059146.12","Ntrk3",-0.581643951754137,-11.1096796900303,3.76428293122663e-10,6.13491249722298e-07,13.2292430847545,"ENSMUSG00000059146",30170,"protein_coding",18213,9.35252845278394
"ENSMUSG00000016179.11","Camk1g",-1.2854924317645,-10.9422059729048,4.92776010038532e-10,7.45746094620455e-07,13.0337509019496,"ENSMUSG00000016179",2759,"protein_coding",215303,5.22133801039439
"ENSMUSG00000026360.9","Rgs2",1.03177609435644,10.6362846487186,8.12230484788292e-10,1.14724848541397e-06,12.7207323092133,"ENSMUSG00000026360",3627,"protein_coding",19735,6.67806801757481
"ENSMUSG00000005034.15","Prkacb",-0.40399623591497,-10.5666364244066,9.11399525997103e-10,1.17900969573385e-06,12.175723070468,"ENSMUSG00000005034",8772,"protein_coding",18749,10.0523866776959
"ENSMUSG00000036862.15","Dchs1",-0.930585444349376,-10.5404283901082,9.51907371709495e-10,1.17900969573385e-06,12.5322817476868,"ENSMUSG00000036862",11052,"protein_coding",233651,5.8843128977447
"ENSMUSG00000044288.6","Cnr1",0.467537985267151,10.5097826067615,1.00166019366637e-09,1.17900969573385e-06,12.3946932279476,"ENSMUSG00000044288",6444,"protein_coding",12801,8.37457456391146
"ENSMUSG00000062209.15","Erbb4",-0.412970982837343,-10.1550303103033,1.82044719048064e-09,2.02999024340596e-06,11.325003380241,"ENSMUSG00000062209",12355,"protein_coding",13869,10.5983002190431
"ENSMUSG00000031997.8","Trpc6",-1.43024647185104,-10.0630420609815,2.13045682411109e-09,2.25689943662208e-06,11.290473552398,"ENSMUSG00000031997",3029,"protein_coding",22068,4.21230817839326
"ENSMUSG00000020042.15","Btbd11",-0.570812549095893,-9.99990577833769,2.37461344605501e-09,2.39575881340798e-06,11.5293670497169,"ENSMUSG00000020042",10033,"protein_coding",74007,8.25275177863557
"ENSMUSG00000068220.5","Lgals1",-1.79256387970775,-9.95862899072494,2.54980944953089e-09,2.45558240032777e-06,10.6770265120504,"ENSMUSG00000068220",800,"protein_coding",16852,3.63141782798095
"ENSMUSG00000022883.10","Robo1",-0.570901320368848,-9.92414225355048,2.70647067717765e-09,2.49313018423317e-06,11.4965038327131,"ENSMUSG00000022883",7563,"protein_coding",19876,7.33697643720129
"ENSMUSG00000027977.15","Ndst3",-1.02561036996011,-9.63036687463777,4.52343556668248e-09,3.9932512229709e-06,10.9968397422387,"ENSMUSG00000027977",9878,"protein_coding",83398,5.46479875661608
"ENSMUSG00000029304.14","Spp1",-1.885011127286,-9.52589258315543,5.44347972603459e-09,4.52032274455849e-06,10.292386110688,"ENSMUSG00000029304",1648,"protein_coding",20750,3.9266781249729
"ENSMUSG00000047842.6","Diras2",0.584292454307457,9.51528425897044,5.54719362621045e-09,4.52032274455849e-06,10.7348651130987,"ENSMUSG00000047842",4348,"protein_coding",68203,7.81666939482112
"ENSMUSG00000002266.16","Zim1",1.5911369383872,9.4456910663618,6.28048387990125e-09,4.92831896160991e-06,10.4474749802554,"ENSMUSG00000002266",7819,"protein_coding",22776,4.62396684415196
"ENSMUSG00000060371.12","Caln1",-0.557618809955787,-9.37924349944928,7.07481764516366e-09,5.21312218206212e-06,10.5262139979932,"ENSMUSG00000060371",10483,"protein_coding",140904,7.42620488119866
"ENSMUSG00000033063.7","Cntnap3",-0.943221949916896,-9.37448730408447,7.13553326472844e-09,5.21312218206212e-06,10.5887903329117,"ENSMUSG00000033063",4868,"protein_coding",238680,6.05121556718487
"ENSMUSG00000036422.10","Pcdh8",-1.00112065249604,-9.34158685830604,7.57061538708775e-09,5.34662094020761e-06,10.5311602573377,"ENSMUSG00000036422",4538,"protein_coding",18530,6.11398637822585
"ENSMUSG00000030310.10","Slc6a1",-0.375882704340141,-9.2922005993748,8.27608135438656e-09,5.65630115017381e-06,9.67487922488604,"ENSMUSG00000030310",8486,"protein_coding",232333,10.9197868367818
"ENSMUSG00000004698.10","Hdac9",0.683750043159551,9.20551878767025,9.68401927397224e-09,6.41172863617656e-06,10.2829481402776,"ENSMUSG00000004698",14665,"protein_coding",79221,6.48862356190166
"ENSMUSG00000025892.16","Gria4",-0.585578095714549,-9.15045666393032,1.07055240904223e-08,6.87327087587204e-06,10.0284069302009,"ENSMUSG00000025892",6305,"protein_coding",14802,8.06323772007619
"ENSMUSG00000045731.5","Pnoc",0.858980834602325,9.13213691710106,1.10696694736037e-08,6.89803197462473e-06,10.1248741311073,"ENSMUSG00000045731",2157,"protein_coding",18155,5.36839686609734
"ENSMUSG00000020524.16","Gria1",-0.440495455447729,-9.06776593128301,1.24543934028101e-08,7.53917808643823e-06,9.58333938746735,"ENSMUSG00000020524",6043,"protein_coding",14799,9.6322352943743
"ENSMUSG00000027849.18","Syt6",1.12072145509289,8.90631671571487,1.67766059192078e-08,9.8734986002849e-06,9.55158059588105,"ENSMUSG00000027849",5828,"protein_coding",54524,4.51778337662756
"ENSMUSG00000003411.10","Rab3b",-0.494688285961039,-8.74289802308886,2.27577107634082e-08,1.30315572417386e-05,9.22741651333877,"ENSMUSG00000003411",3524,"protein_coding",69908,8.29891564699779
"ENSMUSG00000055254.14","Ntrk2",-0.297087340193989,-8.60921415941167,2.9279563233956e-08,1.63248975325743e-05,8.6826649699556,"ENSMUSG00000055254",13806,"protein_coding",18212,9.73813833392759
"ENSMUSG00000020297.10","Nsg2",-0.528636882309789,-8.57105996054064,3.14761994748563e-08,1.68059623249724e-05,8.90330540597046,"ENSMUSG00000020297",4157,"protein_coding",18197,8.27154837138117
"ENSMUSG00000053550.13","Shisa7",-0.597757346257404,-8.56172276166599,3.20393281399552e-08,1.68059623249724e-05,9.08614575299224,"ENSMUSG00000053550",6639,"protein_coding",232813,6.61382406679857
"ENSMUSG00000039809.10","Gabbr2",-0.374374623216861,-8.55385329633568,3.25220397094382e-08,1.68059623249724e-05,8.64937243506109,"ENSMUSG00000039809",6686,"protein_coding",242425,9.40515445391282
"ENSMUSG00000039384.8","Dusp10",-1.01157080939591,-8.40082377638807,4.35676045101572e-08,2.19777818275405e-05,8.79252881633882,"ENSMUSG00000039384",3042,"protein_coding",63953,5.02454382470575
"ENSMUSG00000056306.5","Sertm1",-0.847890307931186,-8.38781359736821,4.46705178268205e-08,2.20100990976011e-05,8.77504634267843,"ENSMUSG00000056306",3215,"protein_coding",329641,5.08467345401246
"ENSMUSG00000027965.15","Olfm3",0.815273311411471,8.35035823362402,4.80100547486829e-08,2.31179324990987e-05,8.71335952099993,"ENSMUSG00000027965",4938,"protein_coding",229759,6.25830814434147
"ENSMUSG00000063873.10","Slc24a3",-0.593069061531804,-8.32800116254059,5.01256428888887e-08,2.36002665752641e-05,8.59733468701226,"ENSMUSG00000063873",4564,"protein_coding",94249,7.06193698141143
"ENSMUSG00000034324.16","Tmem132c",-0.761958114705506,-8.29724545863093,5.31948506501025e-08,2.45008543635592e-05,8.61734707330857,"ENSMUSG00000034324",5850,"protein_coding",208213,6.07293654336528
"ENSMUSG00000055471.6","Alk",-1.0285071724851,-8.2406966917606,5.93561198966521e-08,2.67569811117099e-05,8.49715065852448,"ENSMUSG00000055471",4866,"protein_coding",11682,5.01173185174908
"ENSMUSG00000027996.13","Sfrp2",1.9297250594624,8.18884926422255,6.56546464383002e-08,2.89796873768389e-05,7.61842629369208,"ENSMUSG00000027996",2153,"protein_coding",20319,3.30866662606599
"ENSMUSG00000038112.15","AW551984",-0.942362731753034,-8.05014525935306,8.61391947347024e-08,3.72455330376355e-05,8.14741840188095,"ENSMUSG00000038112",6082,"protein_coding",244810,5.0795030426338
"ENSMUSG00000102697.1","Pcdhac2",-0.514338492657448,-8.03493565483894,8.8756575464358e-08,3.76097112872671e-05,8.00806711500867,"ENSMUSG00000102697",5888,"protein_coding",353237,7.2023131458926
"ENSMUSG00000024511.15","Rab27b",-0.570870674293502,-8.01626807687101,9.20818622477562e-08,3.82536944204551e-05,7.96816643411688,"ENSMUSG00000024511",10679,"protein_coding",80718,7.21610111105656
"ENSMUSG00000026393.10","Nek7",-0.51081332034789,-7.99259915327369,9.64842012853454e-08,3.93117456275502e-05,7.80523233457925,"ENSMUSG00000026393",7376,"protein_coding",59125,8.02186134154574
"ENSMUSG00000062257.12","Opcml",-0.307225188297485,-7.90809093249781,1.14060909680265e-07,4.55963866678449e-05,7.37140018182824,"ENSMUSG00000062257",13120,"protein_coding",330908,9.37334106845976
"ENSMUSG00000041112.15","Elmo1",0.823766291715759,7.87190290246072,1.22570723933987e-07,4.80908505183219e-05,7.80293203359108,"ENSMUSG00000041112",10113,"protein_coding",140580,6.00842891153443
"ENSMUSG00000027381.16","Bcl2l11",-0.989160800083003,-7.82374232223131,1.3492533441557e-07,5.19756920047761e-05,7.67107514894607,"ENSMUSG00000027381",8029,"protein_coding",12125,4.57460253726748
"ENSMUSG00000033910.13","Gucy1a1",-0.511541836472948,-7.80425672992835,1.40283382710828e-07,5.30747148123986e-05,7.60564309589768,"ENSMUSG00000033910",6968,"protein_coding",60596,6.71571100373796
"ENSMUSG00000070802.5","Pnmal2",-0.397099295211829,-7.77091042322014,1.49968753057755e-07,5.5743648614643e-05,7.29965211646897,"ENSMUSG00000070802",4147,"protein_coding",434128,8.35913394692311
"ENSMUSG00000040659.3","Efhd2",0.57977196310129,7.75777572195278,1.53971079351513e-07,5.62445734175948e-05,7.4664365683867,"ENSMUSG00000040659",2381,"protein_coding",27984,7.16502976357144
"ENSMUSG00000003949.16","Hlf",0.494853208491892,7.71923055083733,1.66365897044809e-07,5.97422756048877e-05,7.35957750348625,"ENSMUSG00000003949",6681,"protein_coding",217082,7.37956957106516
"ENSMUSG00000040430.18","Pitpnc1",0.403278340867946,7.70616277646827,1.70798372690706e-07,5.99052027631701e-05,7.27010981617553,"ENSMUSG00000040430",6612,"protein_coding",71795,7.79983704169441
"ENSMUSG00000015243.4","Abca1",-0.673868449536843,-7.70131229465224,1.72474506468749e-07,5.99052027631701e-05,7.47524355000844,"ENSMUSG00000015243",10363,"protein_coding",11303,5.76894258143462
"ENSMUSG00000070695.4","Cntnap5a",-0.556302245112359,-7.65860038983863,1.87988270568863e-07,6.42404433635888e-05,7.20177332894168,"ENSMUSG00000070695",10945,"protein_coding",636808,7.55829626810416
"ENSMUSG00000059991.7","Nptx2",1.26659699734209,7.64999637372579,1.91284059376798e-07,6.43291327939083e-05,7.33781235040501,"ENSMUSG00000059991",2536,"protein_coding",53324,4.68954647177162
"ENSMUSG00000058975.7","Kcnc1",-0.336455830601979,-7.61781351074465,2.04150327411923e-07,6.68747602109634e-05,6.66640615456581,"ENSMUSG00000058975",9458,"protein_coding",16502,9.82865496809022
"ENSMUSG00000038172.14","Ttc39b",-0.525012560934605,-7.61536197851501,2.0516634793565e-07,6.68747602109634e-05,6.99866326913512,"ENSMUSG00000038172",10199,"protein_coding",69863,8.25604835363124
"ENSMUSG00000070047.13","Fat1",0.481756208798812,7.58977746135299,2.16086614249962e-07,6.93670772138476e-05,7.13365487256782,"ENSMUSG00000070047",15586,"protein_coding",14107,7.09274050496954
"ENSMUSG00000022537.17","Tmem44",-0.504211114017692,-7.47989547684346,2.70265364182982e-07,8.54643622529081e-05,6.87606480646278,"ENSMUSG00000022537",8822,"protein_coding",224090,7.29102170774081
"ENSMUSG00000037239.8","Spred3",-0.691059482833,-7.37769236789794,3.33269996735126e-07,0.00010383810912981,6.84741349855646,"ENSMUSG00000037239",6218,"protein_coding",101809,5.3441907487048
"ENSMUSG00000032625.14","Thsd7a",-0.518318136048572,-7.36710156178903,3.4061330193158e-07,0.000104588029391658,6.46350095679363,"ENSMUSG00000032625",13737,"protein_coding",330267,8.3625819096813
"ENSMUSG00000048988.8","Elfn1",-0.484555755170155,-7.29050690090426,3.98944104158548e-07,0.000120748981925817,6.48757519812684,"ENSMUSG00000048988",4172,"protein_coding",243312,7.25447056078138
"ENSMUSG00000015568.16","Lpl",-0.931252548757229,-7.26755568494632,4.18359387325809e-07,0.000124841976609464,6.62729087386536,"ENSMUSG00000015568",10478,"protein_coding",16956,5.31157968849694
"ENSMUSG00000025931.15","Paqr8",0.510589476408837,7.19387151095003,4.87543265139339e-07,0.000143466377201489,6.37634530348493,"ENSMUSG00000025931",5488,"protein_coding",74229,6.6281043817442
"ENSMUSG00000021366.7","Hivep1",0.463276839010229,7.14585144809983,5.38887236954016e-07,0.000156402793004722,6.15764187005896,"ENSMUSG00000021366",8753,"protein_coding",110521,7.49092769622167
"ENSMUSG00000048482.14","Bdnf",1.61002745486969,7.122070713649,5.66346635081446e-07,0.000162140170789338,6.08503190496985,"ENSMUSG00000048482",6217,"protein_coding",12064,3.72753639027531
"ENSMUSG00000051375.15","Pcdh1",-0.408185534782436,-7.11568660163321,5.73961052022482e-07,0.000162140170789338,6.10675967802286,"ENSMUSG00000051375",8797,"protein_coding",75599,7.36273264824601
"ENSMUSG00000035864.14","Syt1",-0.227071633188239,-7.10519330715759,5.8670656542674e-07,0.000163559894759162,5.06254923175555,"ENSMUSG00000035864",8338,"protein_coding",20979,11.6252801451412
"ENSMUSG00000050830.17","Vwc2",-0.748524235987696,-7.09514774820096,5.9918160744991e-07,0.000164868321000536,6.26403382539182,"ENSMUSG00000050830",6041,"protein_coding",319922,5.57886487232733
"ENSMUSG00000015829.13","Tnr",-0.305114095022041,-7.04958420097326,6.59290863832052e-07,0.000179081994000124,5.77648466061841,"ENSMUSG00000015829",12867,"protein_coding",21960,8.45240241628482
"ENSMUSG00000025885.18","Myo5b",-0.577681793195374,-7.03267127664279,6.83154889167104e-07,0.000183215223250423,6.0399519527076,"ENSMUSG00000025885",9766,"protein_coding",17919,6.56973544160704
"ENSMUSG00000026872.17","Zeb2",-0.340987011446507,-7.02122211378317,6.9981315802756e-07,0.000185336767239124,5.66695893437178,"ENSMUSG00000026872",19942,"protein_coding",24136,8.69114399481008
"ENSMUSG00000038886.10","Man2a2",-0.399326086042643,-7.00303436338367,7.27141224452397e-07,0.000190196803981147,5.77847866667456,"ENSMUSG00000038886",10317,"protein_coding",140481,7.90790469350008
"ENSMUSG00000024990.12","Rbp4",-0.806440947356067,-6.98757092392442,7.51239688130279e-07,0.000194103844785564,6.01442101656862,"ENSMUSG00000024990",1297,"protein_coding",19662,5.9337093837305
"ENSMUSG00000032020.15","Ubash3b",-0.433817671285668,-6.95354391518404,8.07208123693496e-07,0.000206052030321616,5.64832213435947,"ENSMUSG00000032020",7326,"protein_coding",72828,8.03595871881267
"ENSMUSG00000043857.16","Mgat5b",-0.75594781651814,-6.93766699013946,8.34775203210865e-07,0.000210552169409864,5.95794892754528,"ENSMUSG00000043857",4596,"protein_coding",268510,5.2493549442719
"ENSMUSG00000019146.2","Cacng2",-0.360790000504398,-6.93085284902655,8.46902175889138e-07,0.000211097840006625,5.67322841388439,"ENSMUSG00000019146",5510,"protein_coding",12300,7.61576759837176
"ENSMUSG00000022324.14","Matn2",-1.0175099906563,-6.87500649046064,9.53387316666804e-07,0.000234876942769995,5.76071527178067,"ENSMUSG00000022324",3583,"protein_coding",17181,3.99944115428694
"ENSMUSG00000024921.17","Smarca2",-0.377793775000479,-6.8611815199441,9.81816463150057e-07,0.000239100521893796,5.401858259257,"ENSMUSG00000024921",14269,"protein_coding",67155,8.29512895514957
"ENSMUSG00000029765.12","Plxna4",-0.403401432288264,-6.83776334459797,1.03197979403447e-06,0.000246323382573846,5.25966434772569,"ENSMUSG00000029765",14103,"protein_coding",243743,8.74262678308168
"ENSMUSG00000021253.6","Tgfb3",-0.830439811597615,-6.83651446138031,1.03472794869836e-06,0.000246323382573846,5.75546249008235,"ENSMUSG00000021253",3384,"protein_coding",21809,4.68749521104093
"ENSMUSG00000022197.15","Pdzd2",0.558987757528047,6.79357549829395,1.13394295005307e-06,0.000266781287941267,5.53919830634545,"ENSMUSG00000022197",21645,"protein_coding",68070,6.58535969206246
"ENSMUSG00000032118.15","Fez1",-0.316827109234389,-6.7865526938267,1.15107853831559e-06,0.000266781287941267,5.28208606749473,"ENSMUSG00000032118",4029,"protein_coding",235180,8.08318920905143
"ENSMUSG00000035681.6","Kcnc2",-0.30494696786031,-6.78356846565467,1.15844048192743e-06,0.000266781287941267,4.70503550376689,"ENSMUSG00000035681",6196,"protein_coding",268345,10.5141080379872
"ENSMUSG00000078994.8","Zfp429",-2.89558626652473,-6.75389784240921,1.23432594421995e-06,0.000281200685808475,2.38944161473186,"ENSMUSG00000078994",2134,"protein_coding",72807,-1.03957155512411
"ENSMUSG00000021647.6","Cartpt",-1.25748123950386,-6.74520525774443,1.25751301293097e-06,0.000283435406435836,5.47956159365933,"ENSMUSG00000021647",874,"protein_coding",27220,3.86990906279637
"ENSMUSG00000032036.15","Kirrel3",-0.656732691878052,-6.72730593517862,1.3066804810162e-06,0.00029141725632937,5.48933247456105,"ENSMUSG00000032036",6454,"protein_coding",67703,5.69953393234032
"ENSMUSG00000030077.11","Chl1",-0.527384084469368,-6.71324242683636,1.34669598066445e-06,0.000297212997316019,4.96460814096069,"ENSMUSG00000030077",12293,"protein_coding",12661,8.84710733387038
"ENSMUSG00000029135.10","Fosl2",0.938002122471507,6.70796003697183,1.36204990659817e-06,0.000297502591454592,5.42894330865633,"ENSMUSG00000029135",9680,"protein_coding",14284,5.99739645856805
"ENSMUSG00000020034.7","Tcp11l2",-0.794274909425148,-6.66794446061291,1.48436638841243e-06,0.000320910925217286,5.41052630478523,"ENSMUSG00000020034",3438,"protein_coding",216198,4.64929781966192
"ENSMUSG00000055775.16","Myh8",3.28314424191724,6.63994931460878,1.57660931889451e-06,0.000337410319590081,3.27757314808709,"ENSMUSG00000055775",11772,"protein_coding",17885,1.30111626925975
"ENSMUSG00000061143.15","Maml3",1.13635051484468,6.59785163311349,1.72655405277193e-06,0.000365805007160788,5.1993188401224,"ENSMUSG00000061143",10486,"protein_coding",433586,4.04122704038895
"ENSMUSG00000037679.8","Inf2",0.911695473806692,6.54529556292265,1.9345438101736e-06,0.000405813660456912,5.15345907536639,"ENSMUSG00000037679",4600,"protein_coding",70435,4.58292588936991
"ENSMUSG00000046844.6","Vat1l",-0.73741544507791,-6.50979287733545,2.08946879391423e-06,0.000434015444477067,5.06358657796927,"ENSMUSG00000046844",5462,"protein_coding",270097,5.26987084157863
"ENSMUSG00000026483.13","Fam129a",0.88385562659312,6.47475782932332,2.25487020249298e-06,0.000463824611458435,5.00206102754602,"ENSMUSG00000026483",7380,"protein_coding",63913,4.4442653014565
"ENSMUSG00000051323.16","Pcdh19",-0.58080328616249,-6.45429247335235,2.35765258680707e-06,0.000480303705352706,4.78477664164506,"ENSMUSG00000051323",10464,"protein_coding",279653,6.69679340005117
"ENSMUSG00000057880.12","Abat",-0.225864043448983,-6.43816261094987,2.44204408122098e-06,0.000492757980465037,4.15560545766193,"ENSMUSG00000057880",7748,"protein_coding",268860,9.72061119918841
"ENSMUSG00000046178.3","Nxph1",-0.332147915366111,-6.36353645173362,2.87478706261272e-06,0.000574604844297885,4.29039670461358,"ENSMUSG00000046178",4753,"protein_coding",18231,8.39797777492773
"ENSMUSG00000039959.13","Hip1",0.580903270327575,6.28746815383585,3.39736001240149e-06,0.000672178512922589,4.57815466184116,"ENSMUSG00000039959",12961,"protein_coding",215114,5.4602609301118
"ENSMUSG00000036298.10","Slc2a13",-0.331983840819358,-6.28359958757064,3.42640673033651e-06,0.000672178512922589,4.00542825692498,"ENSMUSG00000036298",8367,"protein_coding",239606,8.89712942663552
"ENSMUSG00000035133.8","Arhgap5",-0.296855631243361,-6.24632194658732,3.71970231437801e-06,0.000723021403070889,3.99015581019703,"ENSMUSG00000035133",5197,"protein_coding",11855,8.58921362376856
"ENSMUSG00000029608.10","Rph3a",0.368371531098106,6.22194865282187,3.92527806541119e-06,0.000752304623235246,3.964661550861,"ENSMUSG00000029608",4639,"protein_coding",19894,8.49288895871015
"ENSMUSG00000032035.15","Ets1",-1.05863635084343,-6.22009630490959,3.94137032987739e-06,0.000752304623235246,4.41478206605096,"ENSMUSG00000032035",8476,"protein_coding",23871,3.73523044383053
"ENSMUSG00000047606.3","Ankrd34c",0.710204008883468,6.21462588723798,3.98929057767408e-06,0.000754652673831971,4.42467909595711,"ENSMUSG00000047606",5493,"protein_coding",330998,5.43183252249498
"ENSMUSG00000042453.14","Reln",0.424123099180212,6.18632325323406,4.24693288454394e-06,0.000796281124113562,3.74712806422178,"ENSMUSG00000042453",23738,"protein_coding",19699,9.1140632076552
"ENSMUSG00000019775.17","Rgs17",-0.344427447416563,-6.18226206458929,4.28527772074946e-06,0.000796422623416832,3.96790789441251,"ENSMUSG00000019775",8298,"protein_coding",56533,7.98905740626908
"ENSMUSG00000040133.2","Gpr176",-0.692097793276266,-6.16739615009947,4.42869170455981e-06,0.000812942850382436,4.23831030849925,"ENSMUSG00000040133",3899,"protein_coding",381413,6.10290679488077
"ENSMUSG00000037747.9","Phyhipl",0.344040261477072,6.16497252824286,4.45253507874705e-06,0.000812942850382436,3.87907414646706,"ENSMUSG00000037747",9732,"protein_coding",70911,8.2830025452104
"ENSMUSG00000086269.1","Tmcc3os",2.54140563022541,6.16126371338907,4.48927708003705e-06,0.000812942850382436,1.61557296904598,"ENSMUSG00000086269",2913,"antisense",NA,-1.08782265798994
"ENSMUSG00000022096.14","Hr",0.661328829194833,6.11848765457523,4.93620672385651e-06,0.000886300100494473,4.20446006990384,"ENSMUSG00000022096",6919,"protein_coding",15460,5.54572964030477
"ENSMUSG00000025020.11","Slit1",-0.551397328991692,-6.10662915875906,5.06800142681316e-06,0.000902317195209164,4.15698047279507,"ENSMUSG00000025020",5921,"protein_coding",20562,5.67320678893264
"ENSMUSG00000020363.6","Gfpt2",0.71115105182725,6.09606637434312,5.18843039666e-06,0.000916060623450295,4.16033821419833,"ENSMUSG00000020363",5591,"protein_coding",14584,5.50892223577152
"ENSMUSG00000071862.2","Lrrtm2",-0.36528330590408,-6.0761883695261,5.42307709887957e-06,0.000949576318131913,3.84729703428263,"ENSMUSG00000071862",5665,"protein_coding",107065,7.34539250341249
"ENSMUSG00000050511.1","Oprd1",-0.456298217053314,-6.04533198129436,5.80905932116953e-06,0.00100882409702966,3.84485796180232,"ENSMUSG00000050511",4021,"protein_coding",18386,6.94146637252703
"ENSMUSG00000030530.15","Furin",-0.545411041248675,-6.00958482757627,6.29159190901353e-06,0.00108373949411601,3.94054503861283,"ENSMUSG00000030530",9178,"protein_coding",18550,5.70712775179197
"ENSMUSG00000042688.16","Mapk6",0.458855316262355,5.93948452400706,7.36053688615469e-06,0.00125764270166903,3.52028363173759,"ENSMUSG00000042688",6675,"protein_coding",50772,7.50560529417562
"ENSMUSG00000047250.13","Ptgs1",-0.706521098603829,-5.92616431487244,7.58380646055683e-06,0.00127833637156237,3.8188934190515,"ENSMUSG00000047250",3884,"protein_coding",19224,5.12866971894715
"ENSMUSG00000028194.15","Ddah1",0.424858453115425,5.92196225602552,7.6556686760402e-06,0.00127833637156237,3.65536748687917,"ENSMUSG00000028194",3983,"protein_coding",69219,6.42205938918692
"ENSMUSG00000020044.13","Timp3",-0.94119800817308,-5.91951941733935,7.69776515114709e-06,0.00127833637156237,3.8377239177629,"ENSMUSG00000020044",8144,"protein_coding",21859,4.6430683463008
"ENSMUSG00000006930.15","Hap1",-0.765335558370527,-5.91806199033164,7.72299313541243e-06,0.00127833637156237,3.79844320403173,"ENSMUSG00000006930",3766,"protein_coding",15114,5.16327039342352
"ENSMUSG00000047495.15","Dlgap2",-0.331690319121311,-5.88991537090662,8.22715349857957e-06,0.00135123024166206,3.35637502279906,"ENSMUSG00000047495",6149,"protein_coding",244310,7.74163605172281
"ENSMUSG00000079056.12","Kcnip3",0.73722571456852,5.84735910916168,9.05417827453339e-06,0.00147562211617338,3.66978120094758,"ENSMUSG00000079056",3546,"protein_coding",56461,4.92330574489843
"ENSMUSG00000031391.18","L1cam",-0.411459734180367,-5.80326992276524,1.00009586429782e-05,0.00160840342262344,3.17886025853518,"ENSMUSG00000031391",7347,"protein_coding",16728,7.63328002029791
"ENSMUSG00000021676.9","Iqgap2",-0.529165931212594,-5.80239528123893,1.00207321369846e-05,0.00160840342262344,3.42309317111952,"ENSMUSG00000021676",5771,"protein_coding",544963,6.13303411539772
"ENSMUSG00000037306.13","Man1c1",-0.503788246904309,-5.78974244918545,1.03112935975616e-05,0.00164259682294389,3.35889882777483,"ENSMUSG00000037306",5722,"protein_coding",230815,6.37900066489229
"ENSMUSG00000042406.7","Atf4",0.733475598087767,5.73979912688156,1.15448568909138e-05,0.00182345522003448,3.27079510404969,"ENSMUSG00000042406",1724,"protein_coding",11911,6.28437968173834
"ENSMUSG00000060681.15","Slc9a6",-0.379505301060485,-5.73606857782215,1.16428447758498e-05,0.00182345522003448,3.07446511525319,"ENSMUSG00000060681",5098,"protein_coding",236794,7.37258997166871
"ENSMUSG00000020589.16","Fam49a",-0.260479643697065,-5.73189562979294,1.17534600869201e-05,0.00182345522003448,2.8457270395063,"ENSMUSG00000020589",4846,"protein_coding",76820,8.49522709141836
"ENSMUSG00000019923.13","Zwint",-0.185491551493588,-5.73049306078341,1.17908795556107e-05,0.00182345522003448,2.47534221146098,"ENSMUSG00000019923",4434,"protein_coding",52696,10.0164097243266
"ENSMUSG00000021536.7","Adcy2",-0.374562873462124,-5.72391174041012,1.19680961063019e-05,0.0018326270242032,3.16853005005043,"ENSMUSG00000021536",4211,"protein_coding",210044,6.65608297592585
"ENSMUSG00000025475.17","Adgra1",-0.451767141338936,-5.72188627367954,1.20231819683884e-05,0.0018326270242032,3.11647594550952,"ENSMUSG00000025475",5386,"protein_coding",52389,6.93683032422039
"ENSMUSG00000070880.10","Gad1",0.291425106164877,5.71476849630205,1.22188240378444e-05,0.00184914446349864,2.06702403190808,"ENSMUSG00000070880",7639,"protein_coding",14415,11.3149970703886
"ENSMUSG00000053141.16","Ptprt",-0.343085035100205,-5.69798562795724,1.26930994896309e-05,0.00190729573678588,2.78812660023365,"ENSMUSG00000053141",12611,"protein_coding",19281,8.39163631217197
"ENSMUSG00000031364.2","Grpr",-1.97633674769647,-5.65124809115924,1.41154338292926e-05,0.00210608237000861,1.82900661018737,"ENSMUSG00000031364",2523,"protein_coding",14829,0.90880171468945
"ENSMUSG00000005220.10","Corin",1.64921065621577,5.62917554556756,1.48427296987386e-05,0.00219911128760261,2.87264864853988,"ENSMUSG00000005220",5400,"protein_coding",53419,2.70778608089511
"ENSMUSG00000040794.5","C1qtnf4",-0.390421093570901,-5.60084924481945,1.58324615270607e-05,0.0023294608498183,2.79525496428611,"ENSMUSG00000040794",1290,"protein_coding",67445,7.21184819548857
"ENSMUSG00000049354.8","Dcaf7",-0.249645767514239,-5.58482998959004,1.64217364211088e-05,0.00239949882451057,2.45208346958304,"ENSMUSG00000049354",6133,"protein_coding",71833,8.74461756820339
"ENSMUSG00000004455.16","Ppp1cc",-0.971565725306645,-5.56691609904719,1.71072664195435e-05,0.00246774487736195,2.65671348468098,"ENSMUSG00000004455",3424,"protein_coding",19047,7.5279559197945
"ENSMUSG00000036790.5","Slitrk2",-0.382034566181839,-5.56654559343199,1.71217490429134e-05,0.00246774487736195,2.84310432402208,"ENSMUSG00000036790",8080,"protein_coding",245450,6.45109035873783
"ENSMUSG00000029778.12","Adcyap1r1",-0.375813539219468,-5.52001582298027,1.90436663987892e-05,0.00272620378372397,2.48937763571913,"ENSMUSG00000029778",6601,"protein_coding",11517,7.85535105219461
"ENSMUSG00000041836.10","Ptpre",-0.490667867817741,-5.51413541779437,1.93017410674762e-05,0.00274460394628602,2.70017338984151,"ENSMUSG00000041836",10201,"protein_coding",19267,6.59502164125853
"ENSMUSG00000038068.14","Rnf144b",-0.400068809797936,-5.50576769554622,1.9675137530565e-05,0.00277904759240054,2.64296366650792,"ENSMUSG00000038068",4694,"protein_coding",218215,6.82935535002952
"ENSMUSG00000102796.1","Gm37711",-0.52016901432723,-5.48252847644121,2.07512484811395e-05,0.00291163378523114,2.77095539133445,"ENSMUSG00000102796",1749,"TEC",NA,5.65277192751452
"ENSMUSG00000025404.15","R3hdm2",0.361710694812513,5.4791842413577,2.09109704161371e-05,0.00291474164609669,2.4257249182977,"ENSMUSG00000025404",5987,"protein_coding",71750,7.7370932069206
"ENSMUSG00000008153.11","Clstn3",-0.293862936802547,-5.47260998295049,2.12286218027791e-05,0.00293967849761752,1.97163508212477,"ENSMUSG00000008153",4968,"protein_coding",232370,9.65065299041474
"ENSMUSG00000019865.9","Nmbr",-1.30290846125653,-5.45126270235422,2.22943854338929e-05,0.00306721522199928,2.61401269738951,"ENSMUSG00000019865",3228,"protein_coding",18101,2.70723982765987
"ENSMUSG00000037428.14","Vgf",-0.39939913907202,-5.44450957747336,2.26427648073025e-05,0.00309504682562786,2.10669799739987,"ENSMUSG00000037428",2973,"protein_coding",381677,8.81294549547091
"ENSMUSG00000022307.15","Oxr1",-0.279891815220625,-5.43782806725559,2.29929092007523e-05,0.00312276132843808,1.82053550910245,"ENSMUSG00000022307",5165,"protein_coding",170719,9.91781500976131
"ENSMUSG00000029516.19","Cit",-0.246952856451069,-5.43360853665134,2.32168705009893e-05,0.0031330944923851,2.10926470794658,"ENSMUSG00000029516",16417,"protein_coding",12704,8.7103291971273
"ENSMUSG00000028909.17","Ptpru",0.636517304303246,5.42077255010659,2.39119284956972e-05,0.00319312394352205,2.69216162629127,"ENSMUSG00000028909",7113,"protein_coding",19273,5.26511111667568
"ENSMUSG00000068923.14","Syt11",-0.198966162916194,-5.41984217567815,2.39631239448722e-05,0.00319312394352205,1.87195114766322,"ENSMUSG00000068923",5205,"protein_coding",229521,9.56804312647964
"ENSMUSG00000030074.9","Gxylt2",1.56736592030928,5.40863238970051,2.45888098206386e-05,0.00325601946043669,2.33605243256244,"ENSMUSG00000030074",8510,"protein_coding",232313,2.42183249609003
"ENSMUSG00000007021.4","Syngr3",-0.394973318399231,-5.40080242574251,2.5035694908386e-05,0.00329460414921724,2.3290771435514,"ENSMUSG00000007021",2071,"protein_coding",20974,7.25373432950814
"ENSMUSG00000028341.9","Nr4a3",1.0053677158362,5.38897913157224,2.57262227141218e-05,0.00336457704101296,2.64477839147319,"ENSMUSG00000028341",5987,"protein_coding",18124,5.09890077584547
"ENSMUSG00000034730.16","Adgrb1",-0.309581806657329,-5.37630694237514,2.6487885908431e-05,0.00344293766099343,2.19377103421054,"ENSMUSG00000034730",6878,"protein_coding",107831,7.67303843543924
"ENSMUSG00000031647.10","Mfap3l",0.440508431631349,5.35729688920348,2.76737806676398e-05,0.00356276501984506,2.35425753984451,"ENSMUSG00000031647",6837,"protein_coding",71306,6.55988603396924
"ENSMUSG00000047344.9","Lancl3",-0.580245091067356,-5.35616486150419,2.77460814780023e-05,0.00356276501984506,2.48834428517569,"ENSMUSG00000047344",3991,"protein_coding",236285,5.63414625813451
"ENSMUSG00000020029.5","Nudt4",0.310095048818956,5.34208182294608,2.86617840911629e-05,0.0036581760213221,2.09410370067152,"ENSMUSG00000020029",3231,"protein_coding",71207,7.80867728823511
"ENSMUSG00000020431.5","Adcy1",0.30385607187825,5.33139596009843,2.93770751671321e-05,0.00372701851237143,1.55503686604904,"ENSMUSG00000020431",12522,"protein_coding",432530,10.0250933278109
"ENSMUSG00000006205.13","Htra1",0.43576110878194,5.31210041437977,3.07150343900199e-05,0.00387356805726995,2.32187058606548,"ENSMUSG00000006205",2879,"protein_coding",56213,6.11800289682369
"ENSMUSG00000005610.17","Eif4g2",0.225939765631412,5.30693804285115,3.10833969209575e-05,0.00389682799150489,1.63957859250449,"ENSMUSG00000005610",10166,"protein_coding",13690,9.47097951651599
"ENSMUSG00000025867.8","Cplx2",0.406795828498407,5.30060674215535,3.15413116904785e-05,0.00391013329017898,1.76967759887139,"ENSMUSG00000025867",4928,"protein_coding",12890,8.88457321527432
"ENSMUSG00000051951.5","Xkr4",-0.264753126153004,-5.29946111382649,3.1624900251547e-05,0.00391013329017898,1.86632277893727,"ENSMUSG00000051951",6094,"protein_coding",497097,8.39690505843066
"ENSMUSG00000033569.17","Adgrb3",-0.345597245001017,-5.29784516518156,3.17431880828236e-05,0.00391013329017898,2.08422226563697,"ENSMUSG00000033569",18559,"protein_coding",210933,7.29201667969387
"ENSMUSG00000075020.6","Mir670hg",2.53323284377527,5.2496968059712,3.54820008028732e-05,0.00434033035435853,1.19806071392072,"ENSMUSG00000075020",2768,"lincRNA",NA,0.948139696506912
"ENSMUSG00000013089.15","Etv5",-0.486717272076186,-5.24771290865255,3.56453240977196e-05,0.00434033035435853,2.20460191734822,"ENSMUSG00000013089",4103,"protein_coding",104156,5.88799537991023
"ENSMUSG00000003810.12","Mast2",-0.364841620441324,-5.22755156230359,3.73490838128332e-05,0.00448437353366476,1.91528901960828,"ENSMUSG00000003810",7645,"protein_coding",17776,7.32424089311776
"ENSMUSG00000060534.15","Dcc",-0.614146658545448,-5.22677254964818,3.74165519130252e-05,0.00448437353366476,2.24192137931077,"ENSMUSG00000060534",8067,"protein_coding",13176,5.30274872074579
"ENSMUSG00000022860.14","Chodl",2.27780882792867,5.2253498333938,3.75400892613364e-05,0.00448437353366476,0.844251116636806,"ENSMUSG00000022860",3820,"protein_coding",246048,0.412973828580298
"ENSMUSG00000036452.17","Arhgap26",-0.302773880648436,-5.22288424409896,3.77551640591785e-05,0.00448437353366476,1.79355016007502,"ENSMUSG00000036452",17331,"protein_coding",71302,7.8965213584311
"ENSMUSG00000026587.15","Astn1",-0.314599956748747,-5.22138478346817,3.78865749056493e-05,0.00448437353366476,1.54794755762537,"ENSMUSG00000026587",9839,"protein_coding",11899,8.99453745038441
"ENSMUSG00000024524.16","Gnal",-0.273162936697508,-5.21600674236489,3.83617354974049e-05,0.00451538938879732,1.72191899540314,"ENSMUSG00000024524",5761,"protein_coding",14680,8.15949125398652
"ENSMUSG00000030209.14","Grin2b",-0.168915024677444,-5.21286686267113,3.86419458911794e-05,0.00451640602614608,1.02459568046,"ENSMUSG00000030209",24842,"protein_coding",14812,10.8720420636808
"ENSMUSG00000021057.15","Akap5",-0.327723711702157,-5.20786086800063,3.90930016067265e-05,0.00451640602614608,1.76020979135354,"ENSMUSG00000021057",6824,"protein_coding",238276,7.88576267210577
"ENSMUSG00000049001.5","Ndnf",0.939459668147189,5.20755715107591,3.91205389916821e-05,0.00451640602614608,2.30674590858749,"ENSMUSG00000049001",10114,"protein_coding",68169,3.79153273635972
"ENSMUSG00000040536.15","Necab1",-0.429156941400439,-5.20642846405271,3.92230475674177e-05,0.00451640602614608,2.02738169742951,"ENSMUSG00000040536",5237,"protein_coding",69352,6.40535736268628
"ENSMUSG00000094832.1","Gm21846",2.46160702929088,5.19519445825984,4.02583317256919e-05,0.00461055823930938,0.500317416006736,"ENSMUSG00000094832",3073,"TEC",NA,-1.09391127983908
"ENSMUSG00000041594.17","Tmtc4",-0.785736277574769,-5.18292558148988,4.1420745195029e-05,0.00471817918519935,2.23982658913415,"ENSMUSG00000041594",7367,"protein_coding",70551,4.4233129921678
"ENSMUSG00000026443.3","Lrrn2",-0.410254605295446,-5.17900290329928,4.17995482666443e-05,0.00473586646591119,2.00620900438013,"ENSMUSG00000026443",3595,"protein_coding",16980,6.14595697417472
"ENSMUSG00000005716.16","Pvalb",-0.419094105344783,-5.17476314555523,4.22129299679301e-05,0.00475726248526881,1.77673618017493,"ENSMUSG00000005716",1041,"protein_coding",19293,7.40350222734536
"ENSMUSG00000040035.14","Disp2",-0.313748196199466,-5.16053192267803,4.36311050672711e-05,0.00489106996328186,1.20482666576543,"ENSMUSG00000040035",9555,"protein_coding",214240,9.78982972449013
"ENSMUSG00000022114.4","Spry2",-0.519846518008294,-5.15269503198583,4.44326366187808e-05,0.00493287809049446,2.03778320776735,"ENSMUSG00000022114",2085,"protein_coding",24064,5.55315605107612
"ENSMUSG00000026249.10","Serpine2",0.537984400468438,5.1523360472911,4.44697085611196e-05,0.00493287809049446,2.03056795794436,"ENSMUSG00000026249",8287,"protein_coding",20720,5.64957078521224
"ENSMUSG00000022257.3","Laptm4b",-0.438155775232439,-5.1458787011036,4.51419419696351e-05,0.00496814888361196,1.70497107866237,"ENSMUSG00000022257",1897,"protein_coding",114128,7.42537701120498
"ENSMUSG00000003476.16","Crhr2",-1.25698694975763,-5.14450549984012,4.52862227706296e-05,0.00496814888361196,1.99387452183639,"ENSMUSG00000003476",5115,"protein_coding",12922,2.63171215545509
"ENSMUSG00000055480.6","Zfp458",-0.924338931547432,-5.14256275952614,4.54911447312371e-05,0.00496814888361196,2.1692187482512,"ENSMUSG00000055480",3488,"protein_coding",238690,4.08350728654106
"ENSMUSG00000019880.9","Rspo3",0.872831414540257,5.13703983804363,4.60788658055666e-05,0.0050065278452438,2.15997347692166,"ENSMUSG00000019880",2394,"protein_coding",72780,3.9509811240274
"ENSMUSG00000048834.16","Vstm2a",-0.354665731327874,-5.10360247149978,4.98055001898543e-05,0.00537315899410969,1.4099202209471,"ENSMUSG00000048834",4765,"protein_coding",211739,8.38887328336627
"ENSMUSG00000032564.15","Cpne4",0.554946904062546,5.10226765030846,4.9960462634616e-05,0.00537315899410969,2.04530049824861,"ENSMUSG00000032564",5243,"protein_coding",74020,4.66557069775473
"ENSMUSG00000027712.13","Anxa5",0.781769494309793,5.08314530408973,5.22349112655159e-05,0.00558939931809336,2.04316663879982,"ENSMUSG00000027712",1777,"protein_coding",11747,3.89594382652534
"ENSMUSG00000022995.16","Enah",0.267023108984324,5.08000109459293,5.2618826721202e-05,0.0056021863404126,1.34646137683297,"ENSMUSG00000022995",21452,"protein_coding",13800,8.46256291473124
"ENSMUSG00000057455.12","Rit2",0.424712631626665,5.07511576254831,5.32210263192732e-05,0.00563796942313221,1.73996379241311,"ENSMUSG00000057455",4496,"protein_coding",19762,6.34769744523899
"ENSMUSG00000021820.16","Camk2g",-0.285646402363433,-5.06028629316519,5.50921881011992e-05,0.0058071551706473,1.36546859129564,"ENSMUSG00000021820",3703,"protein_coding",12325,8.12802628637742
"ENSMUSG00000043671.14","Dpy19l3",-0.482368196636438,-5.05262410964504,5.60850049501387e-05,0.00588253960335935,1.83794613086643,"ENSMUSG00000043671",11367,"protein_coding",233115,5.36237129967926
"ENSMUSG00000023328.14","Ache",0.457143048597775,5.0499665792362,5.64335738832762e-05,0.00588400795519298,1.66222583999657,"ENSMUSG00000023328",4623,"protein_coding",11423,6.46702221679553
"ENSMUSG00000039405.7","Prss23",-0.908181623172034,-5.04829127273735,5.66544401217429e-05,0.00588400795519298,1.9011090481971,"ENSMUSG00000039405",3767,"protein_coding",76453,4.81568494885472
"ENSMUSG00000027400.11","Pdyn",0.707534925025669,5.02762673973224,5.94519902387158e-05,0.0061444356935984,1.75707579358126,"ENSMUSG00000027400",2887,"protein_coding",18610,5.59343276488218
"ENSMUSG00000038473.14","Nos1ap",-0.396422127041807,-5.0038169131956,6.28495962539356e-05,0.00646405046520453,1.56234182627851,"ENSMUSG00000038473",7249,"protein_coding",70729,6.38343723760246
"ENSMUSG00000048978.13","Nrsn1",0.343994939657114,4.99052051114807,6.48319602369373e-05,0.00663572338908208,1.37162533579844,"ENSMUSG00000048978",2677,"protein_coding",22360,7.32024271869805
"ENSMUSG00000031517.8","Gpm6a",-0.172960677574937,-4.96991306163606,6.80303484493386e-05,0.00692961054132758,0.65620367427317,"ENSMUSG00000031517",3215,"protein_coding",234267,10.1755994108174
"ENSMUSG00000024256.6","Adcyap1",1.15689000897534,4.96589628777978,6.86721592344555e-05,0.00696151692679621,1.71380030473686,"ENSMUSG00000024256",2088,"protein_coding",11516,3.07613949964339
"ENSMUSG00000025789.9","St8sia2",1.02314708488608,4.94525174480126,7.20689068499655e-05,0.00727106633062009,1.62693840477259,"ENSMUSG00000025789",5384,"protein_coding",20450,2.83693389077895
"ENSMUSG00000049148.8","Plcxd3",-0.694585955810315,-4.93996669803684,7.2965525822554e-05,0.00732663789385048,1.55242564965575,"ENSMUSG00000049148",5042,"protein_coding",239318,5.54625630102156
"ENSMUSG00000062991.7","Nrg1",0.668999844673153,4.93528397942152,7.37693964562339e-05,0.00737241605055768,1.69349554454024,"ENSMUSG00000062991",10351,"protein_coding",211323,4.45004000794178
"ENSMUSG00000041670.15","Rims1",0.226092656043816,4.93315334347923,7.41381210633278e-05,0.00737448061487665,0.866559571244431,"ENSMUSG00000041670",7080,"protein_coding",116837,9.04532686707456
"ENSMUSG00000040907.15","Atp1a3",-0.190827361909917,-4.91146604486562,7.7999173661906e-05,0.00769575098562428,-0.210898595771756,"ENSMUSG00000040907",5958,"protein_coding",232975,12.4048859996816
"ENSMUSG00000038264.7","Sema7a",0.479605630895778,4.91061614385321,7.81545637098484e-05,0.00769575098562428,1.2475474614874,"ENSMUSG00000038264",3296,"protein_coding",20361,6.98455918372247
"ENSMUSG00000023885.8","Thbs2",0.496819283368129,4.90896333947441,7.84576491666987e-05,0.00769575098562428,1.46664583446179,"ENSMUSG00000023885",5922,"protein_coding",21826,5.67817466800105
"ENSMUSG00000059401.13","Mamld1",0.52191656910394,4.8841808972891,8.31475410018584e-05,0.00811232387711829,1.43423527149022,"ENSMUSG00000059401",4796,"protein_coding",333639,5.53080832468617
"ENSMUSG00000032289.15","Thsd4",0.95456150864136,4.8825274399299,8.34703641483828e-05,0.00811232387711829,1.6027097159281,"ENSMUSG00000032289",13986,"protein_coding",207596,3.59056481513885
"ENSMUSG00000072568.4","Fam84b",0.986446554180777,4.88031727482059,8.39038618109677e-05,0.00811721972689029,1.49061551065654,"ENSMUSG00000072568",5926,"protein_coding",399603,2.8184798999734
"ENSMUSG00000097027.1","Gm26559",2.23159401834753,4.86495829117576,8.69799500905202e-05,0.0083765645571266,0.0720624639892895,"ENSMUSG00000097027",2382,"lincRNA",NA,-0.884090587767196
"ENSMUSG00000039137.18","Whrn",-0.567861604450788,-4.85928025186176,8.81458262411842e-05,0.00845043267227136,1.42006160633803,"ENSMUSG00000039137",7337,"protein_coding",73750,5.19994202501157
"ENSMUSG00000003934.5","Efnb3",-0.636198570880363,-4.84155415238985,9.18882775878146e-05,0.00876953575339202,1.46165945147533,"ENSMUSG00000003934",3183,"protein_coding",13643,4.59355047406133
"ENSMUSG00000069206.13","Zfp874a",-0.989769467903755,-4.83803583994357,9.26499974578085e-05,0.00880258070017305,1.45436267766548,"ENSMUSG00000069206",5263,"protein_coding",238692,2.96298868165457
"ENSMUSG00000024066.8","Xdh",1.50147819127937,4.82844634685051,9.47587270991538e-05,0.0089627372814722,1.1766393547951,"ENSMUSG00000024066",4587,"protein_coding",22436,2.22815666776709
"ENSMUSG00000017400.10","Stac2",0.328795948436179,4.81186585478193,9.85199758681303e-05,0.00927707879430256,1.04102368269714,"ENSMUSG00000017400",3139,"protein_coding",217154,6.84021951165342
"ENSMUSG00000039313.14","AF529169",0.409084419862187,4.79589356671631,0.000102286006059676,0.00958908677162101,0.989085450597937,"ENSMUSG00000039313",7268,"protein_coding",209743,6.92731351682559
"ENSMUSG00000022262.7","Dnah5",-0.829648047233201,-4.77516232858945,0.000107392088950719,0.010003644566787,1.36469533255098,"ENSMUSG00000022262",15630,"protein_coding",110082,3.3256219167431
"ENSMUSG00000027346.15","Gpcpd1",0.331509985981176,4.77413238038459,0.00010765237934712,0.010003644566787,0.823941760114805,"ENSMUSG00000027346",7289,"protein_coding",74182,7.53124394296432
"ENSMUSG00000036815.16","Dpp10",0.335570684870941,4.76305968788381,0.000110491287903773,0.0101688696903687,0.789138292398394,"ENSMUSG00000036815",15784,"protein_coding",269109,7.57636880587316
"ENSMUSG00000049115.14","Agtr1a",-2.69897144579529,-4.76171388767149,0.000110841452829323,0.0101688696903687,-0.0721334339412563,"ENSMUSG00000049115",2467,"protein_coding",11607,-1.32972053191796
"ENSMUSG00000026638.15","Irf6",-1.46569048804928,-4.76160323673679,0.000110870293032292,0.0101688696903687,0.998917716799993,"ENSMUSG00000026638",7069,"protein_coding",54139,1.94533169179659
"ENSMUSG00000022707.16","Gbe1",0.644429101330166,4.75693641057624,0.000112093589567204,0.0102171708265644,1.24604093201151,"ENSMUSG00000022707",5352,"protein_coding",74185,4.86121773533836
"ENSMUSG00000048706.3","Lurap1l",-0.682176071810479,-4.7559216242568,0.000112361391541488,0.0102171708265644,1.29585302961534,"ENSMUSG00000048706",3066,"protein_coding",52829,4.34084222606355
"ENSMUSG00000021196.13","Pfkp",0.329170111264526,4.75219540926631,0.000113350296083279,0.0102630458252839,0.798705672079262,"ENSMUSG00000021196",9395,"protein_coding",56421,7.39831145864456
"ENSMUSG00000029571.14","Tmem106b",-0.229591631194733,-4.7450819223055,0.000115262637331904,0.0103514576733909,0.571830780568361,"ENSMUSG00000029571",6931,"protein_coding",71900,8.37357188744448
"ENSMUSG00000039037.5","St6galnac5",-0.354582049942819,-4.74492970266354,0.000115303913292125,0.0103514576733909,0.873700933730191,"ENSMUSG00000039037",6002,"protein_coding",26938,6.86983280566328
"ENSMUSG00000034098.14","Fstl5",-0.469829189243635,-4.74029784134721,0.000116567056835807,0.0104207014058238,1.03347795468583,"ENSMUSG00000034098",9264,"protein_coding",213262,5.89676354093029
"ENSMUSG00000058297.16","Spock2",-0.165934217532249,-4.73446234036292,0.000118178361628943,0.0105203569236656,0.0592478579275912,"ENSMUSG00000058297",5533,"protein_coding",94214,10.3113687209882
"ENSMUSG00000032440.12","Tgfbr2",-0.610690511984358,-4.73102760101528,0.000119137264597848,0.0105613440378017,1.22602800004944,"ENSMUSG00000032440",4785,"protein_coding",21813,4.48554350060554
"ENSMUSG00000027004.3","Frzb",-1.00174064426667,-4.72730580230033,0.000120185181889439,0.0105893861654325,1.18309076782454,"ENSMUSG00000027004",3237,"protein_coding",20378,2.67426546962975
"ENSMUSG00000020231.15","Dip2a",-0.273161949675615,-4.72635914852001,0.000120453205544402,0.0105893861654325,0.739410701115246,"ENSMUSG00000020231",8215,"protein_coding",64451,7.35748444647174
"ENSMUSG00000034135.14","Sik3",0.342597737403361,4.72371133556343,0.000121206083949309,0.0106115425646033,0.724339481226041,"ENSMUSG00000034135",7102,"protein_coding",70661,7.43482245181277
"ENSMUSG00000070498.3","Tmem132b",-0.212838820992986,-4.71426187585604,0.000123931897055665,0.0108055354029563,0.48419780485527,"ENSMUSG00000070498",8238,"protein_coding",208151,8.44524197690849
"ENSMUSG00000094910.1","D430019H16Rik",0.432143795142545,4.7115973370261,0.000124711645988349,0.0108289575555539,0.976620815835368,"ENSMUSG00000094910",5786,"protein_coding",268595,5.8900460993797
"ENSMUSG00000028360.9","Slc44a5",-0.782682648186573,-4.7057149127424,0.000126450660469789,0.0109351434423405,1.19215783224081,"ENSMUSG00000028360",7143,"protein_coding",242259,4.26987432314014
"ENSMUSG00000039278.10","Pcsk1n",-0.274482327976161,-4.69853126116467,0.000128607599473812,0.011076460203462,0.654649544729891,"ENSMUSG00000039278",2193,"protein_coding",30052,7.45235802114849
"ENSMUSG00000027894.14","Slc6a17",0.218294938256735,4.69541290125465,0.00012955543313811,0.0111129188740774,0.0277597115436974,"ENSMUSG00000027894",10283,"protein_coding",229706,10.116816044501
"ENSMUSG00000031700.11","Gpt2",0.447720614905008,4.68489907327433,0.000132803417477286,0.0113455887342389,0.976376139471562,"ENSMUSG00000031700",5643,"protein_coding",108682,5.5236982221578
"ENSMUSG00000038602.7","Slc35f1",0.353543500596818,4.67921963754228,0.000134592002113042,0.0114522118424459,0.786411343277985,"ENSMUSG00000038602",4941,"protein_coding",215085,6.54174127936071
"ENSMUSG00000035152.14","Ap2b1",-0.187223421335952,-4.66830788065197,0.000138096881346759,0.0117030048233945,0.145420005958408,"ENSMUSG00000035152",8755,"protein_coding",71770,9.40945685455042
"ENSMUSG00000074001.2","Klhl40",0.887096470246326,4.66662924401678,0.000138644178537405,0.0117030048233945,1.13133960159771,"ENSMUSG00000074001",2455,"protein_coding",72330,3.36598546163795
"ENSMUSG00000061887.14","Ssbp3",0.383211199195345,4.66445448065055,0.00013935648712339,0.0117164519550923,0.871694448078372,"ENSMUSG00000061887",6582,"protein_coding",72475,5.85912420001757
"ENSMUSG00000055407.14","Map6",0.278619794650709,4.6617735445562,0.000140239668376675,0.0117441021893147,0.609580580638482,"ENSMUSG00000055407",9152,"protein_coding",17760,7.27249257744477
"ENSMUSG00000051339.10","2900026A02Rik",0.598359660646602,4.65476890247476,0.000142573955714334,0.0118925763768488,0.897306173228716,"ENSMUSG00000051339",10814,"protein_coding",243219,5.60240264943294
"ENSMUSG00000036902.10","Neto2",0.244691005138072,4.64987783407909,0.00014422710281083,0.0119378137314096,0.287318841621974,"ENSMUSG00000036902",5938,"protein_coding",74513,8.66336237764352
"ENSMUSG00000021476.8","Habp4",-0.294069672806675,-4.64983053722918,0.000144243182859341,0.0119378137314096,0.533870192517199,"ENSMUSG00000021476",2566,"protein_coding",56541,7.48789556217689
"ENSMUSG00000056145.5","AI504432",-0.278985351868742,-4.64660120441996,0.000145345383994705,0.0119822282128242,0.531790238585532,"ENSMUSG00000056145",5569,"lincRNA",NA,7.4590247542739
"ENSMUSG00000034009.14","Rxfp1",0.820513126925683,4.63894446790157,0.000147992772422844,0.0121531894159798,1.08072255375959,"ENSMUSG00000034009",10052,"protein_coding",381489,3.584693550142
"ENSMUSG00000050967.5","Creg2",-0.321237589731733,-4.63614062241908,0.000148974349150327,0.0121865619129266,0.643880529317351,"ENSMUSG00000050967",6091,"protein_coding",263764,6.74420475048912
"ENSMUSG00000039114.15","Nrn1",0.59076019998175,4.62013386903443,0.00015470510953413,0.0125418114309431,0.780321619033544,"ENSMUSG00000039114",1766,"protein_coding",68404,5.81982855919102
"ENSMUSG00000020607.6","Fam84a",-0.374392055129582,-4.61977968846781,0.000154834396933942,0.0125418114309431,0.64803748883937,"ENSMUSG00000020607",3379,"protein_coding",105005,6.50752114763146
"ENSMUSG00000037185.8","Krt80",2.27873051589179,4.61907224649406,0.000155092962425406,0.0125418114309431,-0.0082964554528413,"ENSMUSG00000037185",1774,"protein_coding",74127,0.200433954940535
"ENSMUSG00000067786.16","Nnat",-0.760204567649296,-4.60427275642336,0.000160603029474276,0.0129380090702338,1.00416459958081,"ENSMUSG00000067786",1829,"protein_coding",18111,3.68705545928445
"ENSMUSG00000057766.13","Ankrd29",-0.347964513963762,-4.59859457611474,0.00016276911426545,0.0130628379694776,0.644167592669081,"ENSMUSG00000057766",3295,"protein_coding",225187,6.24652636547967
"ENSMUSG00000034765.6","Dusp5",1.20076495508607,4.59302798353277,0.000164921216343776,0.0131856068327381,0.871851927044268,"ENSMUSG00000034765",2473,"protein_coding",240672,2.64256666034085
"ENSMUSG00000093930.1","Hmgcs1",0.249949644314133,4.59050947998997,0.000165904296705378,0.0132143396026197,0.255699294935951,"ENSMUSG00000093930",3233,"protein_coding",208715,8.18577487027427
"ENSMUSG00000053395.15","Cacng8",-0.51485465584249,-4.5875556984084,0.000167064813058994,0.0132569370572319,0.776257187479619,"ENSMUSG00000053395",2345,"protein_coding",81905,5.34224844289754
"ENSMUSG00000021587.4","Pcsk1",0.589946010091989,4.56884387403873,0.000174609018103351,0.0138038853229691,0.849814917880808,"ENSMUSG00000021587",3241,"protein_coding",18548,4.63461846944002
"ENSMUSG00000107585.1","3300002P13Rik",-0.56044010531307,-4.56136933452073,0.000177717699786575,0.0139974160051233,0.788537201598027,"ENSMUSG00000107585",1092,"lincRNA",NA,4.87747133616251
"ENSMUSG00000074505.4","Fat3",0.307340132749997,4.55661475862666,0.000179724094219743,0.0141030162379026,0.291219735376106,"ENSMUSG00000074505",18456,"protein_coding",270120,7.63917193800672
"ENSMUSG00000027298.17","Tyro3",0.399529877046772,4.55234794176934,0.000181544077931676,0.0141932633916547,0.652022430819912,"ENSMUSG00000027298",6198,"protein_coding",22174,5.6355540794355
"ENSMUSG00000033545.14","Znrf1",0.376247378440367,4.54199030855689,0.000186039665919203,0.0144912588302579,0.651384429941034,"ENSMUSG00000033545",7018,"protein_coding",170737,5.49580315236374
"ENSMUSG00000062760.10","1810041L15Rik",0.429148761030831,4.52758393562286,0.000192479597567861,0.0149379678889021,0.608072180305542,"ENSMUSG00000062760",6551,"protein_coding",72301,5.55728180681296
"ENSMUSG00000039252.11","Lgi2",0.323494279685012,4.51688824217792,0.000197405558607686,0.0152455294259543,-0.205304427123664,"ENSMUSG00000039252",6528,"protein_coding",246316,9.40410018603437
"ENSMUSG00000053626.5","Tll1",-0.630097356434902,-4.51586857522469,0.000197881747870744,0.0152455294259543,0.755077084609162,"ENSMUSG00000053626",7758,"protein_coding",21892,4.37214582147414
"ENSMUSG00000037242.8","Clic4",0.48799427294648,4.51230653455529,0.000199554330966125,0.0153186869934032,0.604993172312351,"ENSMUSG00000037242",6572,"protein_coding",29876,5.37509735070755
"ENSMUSG00000028466.15","Creb3",-0.631510668617675,-4.50801551689572,0.000201588119005566,0.0154189439616279,0.789426011387377,"ENSMUSG00000028466",2372,"protein_coding",12913,3.79902287974084
"ENSMUSG00000049744.15","Arhgap15",-0.842374266128458,-4.49738269935759,0.000206718047118178,0.0157544433967368,0.770496325509287,"ENSMUSG00000049744",8818,"protein_coding",76117,3.21916964062212
"ENSMUSG00000021448.6","Shc3",-0.436637004706755,-4.49498180720326,0.000207894450206719,0.0157873108119346,0.526955588562208,"ENSMUSG00000021448",1537,"protein_coding",20418,5.55442754610919
"ENSMUSG00000050505.7","Pcdh20",0.62915957674672,4.48592178376047,0.000212394733084989,0.0160714543209702,0.709894012598682,"ENSMUSG00000050505",5492,"protein_coding",219257,4.24175237374351
"ENSMUSG00000024042.6","Sik1",0.56896650413413,4.48279511141518,0.000213970454400378,0.0161330676775118,0.626622116865203,"ENSMUSG00000024042",4511,"protein_coding",17691,4.82027676311255
"ENSMUSG00000029752.12","Asns",0.420582071768708,4.46994242054526,0.000220572211419603,0.016571856182082,0.195207368786631,"ENSMUSG00000029752",2735,"protein_coding",27053,7.09635483758096
"ENSMUSG00000022377.16","Asap1",0.233077502039988,4.45800122116636,0.000226889279010161,0.0169653156434062,0.0464096666827798,"ENSMUSG00000022377",7482,"protein_coding",13196,7.6989174356706
"ENSMUSG00000034310.8","Tmem132d",-0.366141926109236,-4.45703063565167,0.000227410659495321,0.0169653156434062,0.309213914178316,"ENSMUSG00000034310",6481,"protein_coding",243274,6.27879812193253
"ENSMUSG00000059742.10","Kcnh7",0.24601423261829,4.45149773726725,0.000230405923719351,0.0171284572134803,-0.235948925731975,"ENSMUSG00000059742",15226,"protein_coding",170738,8.90035275317685
"ENSMUSG00000066357.6","Wdr6",-0.329974152502779,-4.44462108457681,0.000234183989338581,0.0173484481892186,0.153254521946274,"ENSMUSG00000066357",4163,"protein_coding",83669,6.97086813660473
"ENSMUSG00000045648.15","Vwc2l",0.902190877481488,4.43942979057103,0.000237077317136325,0.0175015927462276,0.618752175353625,"ENSMUSG00000045648",7689,"protein_coding",320460,2.95699911861781
"ENSMUSG00000050272.9","Dscam",0.389224855882538,4.43483484787772,0.000239668242100564,0.017622332022541,0.245594184921951,"ENSMUSG00000050272",7498,"protein_coding",13508,6.38768724311094
"ENSMUSG00000013698.12","Pea15a",-0.321354879563568,-4.43358770372888,0.000240376360717155,0.017622332022541,0.0410481209336355,"ENSMUSG00000013698",3861,"protein_coding",18611,7.4131516739133
"ENSMUSG00000005656.8","Snx6",-0.416450386779725,-4.42848791858,0.000243293928693652,0.0177747188525256,0.416023287435581,"ENSMUSG00000005656",1928,"protein_coding",72183,5.29974033235474
"ENSMUSG00000035566.6","Pcdh17",-0.346421103241601,-4.42408434205657,0.000245841820310467,0.0178420555423559,-0.162420428232442,"ENSMUSG00000035566",9509,"protein_coding",219228,8.26032667540861
"ENSMUSG00000035615.12","Frmpd1",-0.377174009514348,-4.42398457534335,0.000245899854550806,0.0178420555423559,0.312688613219162,"ENSMUSG00000035615",5324,"protein_coding",666060,5.83130289642409
"ENSMUSG00000021943.6","Gdf10",0.977334468690695,4.41708905515388,0.000249944517611886,0.0180736330875189,0.593980560480149,"ENSMUSG00000021943",2507,"protein_coding",14560,3.20653100729319
"ENSMUSG00000071856.10","Mcc",0.603563215203685,4.41286991290982,0.000252452214507231,0.0181928743835534,0.441813019928499,"ENSMUSG00000071856",14577,"protein_coding",328949,4.99789626454718
"ENSMUSG00000036699.12","Zcchc12",-0.469427973248147,-4.40180119937814,0.000259151857077901,0.018612374223422,0.198260322814163,"ENSMUSG00000036699",2280,"protein_coding",72693,6.18395063635033
"ENSMUSG00000063626.6","Unc5d",-0.323283593909562,-4.3958599730528,0.000262821326213303,0.0188121467516259,0.0496256445563104,"ENSMUSG00000063626",9220,"protein_coding",210801,6.90946485223099
"ENSMUSG00000052539.15","Magi3",0.383369185736115,4.3818260819615,0.000271697655555655,0.0193820142365578,0.115280187642578,"ENSMUSG00000052539",8520,"protein_coding",99470,6.41887507690392
"ENSMUSG00000086324.8","Gm15564",-0.715442008349415,-4.36230598731918,0.000284546842466068,0.0202305166151966,-0.312891491766083,"ENSMUSG00000086324",821,"antisense",NA,8.31067133008169
"ENSMUSG00000001627.11","Ifrd1",0.579028909073055,4.35806425446372,0.000287418706117695,0.0203663549381793,0.30728605736139,"ENSMUSG00000001627",5858,"protein_coding",15982,5.05087226741898
"ENSMUSG00000040631.8","Dok4",-0.87620185093313,-4.35585508921494,0.000288925925712302,0.0204049119602218,0.451218030878549,"ENSMUSG00000040631",3054,"protein_coding",114255,2.92500136250839
"ENSMUSG00000009681.9","Bcr",-0.261621029501738,-4.35392135725553,0.000290251739371019,0.0204049851074657,-0.114073205448359,"ENSMUSG00000009681",6537,"protein_coding",110279,7.25228849824129
"ENSMUSG00000016458.13","Wt1",2.44633723649695,4.35235196997127,0.00029133223749174,0.0204049851074657,-0.320759865578485,"ENSMUSG00000016458",6195,"protein_coding",22431,0.645276936932537
"ENSMUSG00000075478.2","Slitrk1",-0.338066823934739,-4.35073944471454,0.000292446640926856,0.0204049851074657,0.133299799506553,"ENSMUSG00000075478",4249,"protein_coding",76965,5.89349566249757
"ENSMUSG00000053477.16","Tcf4",-0.144848994452733,-4.35025925693329,0.000292779320935931,0.0204049851074657,-0.654243593427253,"ENSMUSG00000053477",27382,"protein_coding",21413,9.59451122011408
"ENSMUSG00000052572.16","Dlg2",-0.155609957872343,-4.34293928235395,0.000297897974115916,0.0206691316603863,-0.623595805106028,"ENSMUSG00000052572",13213,"protein_coding",23859,9.40926349602439
"ENSMUSG00000042604.5","Kcna4",0.554939989147234,4.34205762564149,0.000298520521455525,0.0206691316603863,0.351453003806641,"ENSMUSG00000042604",4833,"protein_coding",16492,4.53070231140962
"ENSMUSG00000030029.14","Lrig1",-0.526600544331552,-4.33822747128401,0.000301240226491595,0.020782209936456,0.239332507741767,"ENSMUSG00000030029",5585,"protein_coding",16206,5.12162034618751
"ENSMUSG00000034687.8","Fras1",-0.554732308330169,-4.33628915505215,0.000302626042106909,0.020782209936456,0.266101475115267,"ENSMUSG00000034687",17709,"protein_coding",231470,4.94165436524944
"ENSMUSG00000034488.14","Edil3",-0.279161182377107,-4.33563333420187,0.000303096373736957,0.020782209936456,-0.392600508600299,"ENSMUSG00000034488",13677,"protein_coding",13612,8.36141668227871
"ENSMUSG00000027195.10","Hsd17b12",-0.327607927619528,-4.33402811194642,0.000304250679765459,0.0207940617812606,-0.0181417849863665,"ENSMUSG00000027195",2407,"protein_coding",56348,6.49973930019583
"ENSMUSG00000075270.11","Pde11a",1.18162642028176,4.3294806443868,0.000307544741324221,0.020951609113943,0.153015414412762,"ENSMUSG00000075270",5208,"protein_coding",241489,1.92352542274774
"ENSMUSG00000032845.15","Alpk2",1.4156397675072,4.32408768717456,0.000311497665218543,0.0211528879262348,0.102247563167108,"ENSMUSG00000032845",7782,"protein_coding",225638,1.82967169881071
"ENSMUSG00000027273.13","Snap25",0.164270571588653,4.32114023372112,0.000313679587007165,0.0212330013096511,-1.2957494220698,"ENSMUSG00000027273",6791,"protein_coding",20614,11.5458506154885
"ENSMUSG00000030235.17","Slco1c1",0.626081347099148,4.31673769921413,0.000316967253636042,0.0213872140216141,0.346255412678678,"ENSMUSG00000030235",5186,"protein_coding",58807,4.1210395144351
"ENSMUSG00000031295.13","Phka2",0.540747326964506,4.31518636647974,0.000318133954680275,0.0213977907867016,0.218042957198323,"ENSMUSG00000031295",6068,"protein_coding",110094,4.99279345641555
"ENSMUSG00000034910.5","Pygo1",-0.348186697654511,-4.30421277736828,0.000326510714239718,0.02189171678037,-0.21419286486844,"ENSMUSG00000034910",7916,"protein_coding",72135,7.15853704311952
"ENSMUSG00000029309.7","Sparcl1",-0.240815507546908,-4.29022803894575,0.000337507408272534,0.0225576323629974,-1.16978048388563,"ENSMUSG00000029309",2937,"protein_coding",13602,10.8983790352542
"ENSMUSG00000037855.15","Zfp365",0.22992039464036,4.28701685657164,0.000340084453051923,0.0226583940465758,-0.523653731205933,"ENSMUSG00000037855",5205,"protein_coding",216049,8.47488393225002
"ENSMUSG00000027350.8","Chgb",0.284422063984132,4.28177449448588,0.00034433402234278,0.0227964335691331,-0.733299796644836,"ENSMUSG00000027350",2740,"protein_coding",12653,9.28895801345541
"ENSMUSG00000022048.8","Dpysl2",-0.145312089183606,-4.28115800414423,0.000344837247642538,0.0227964335691331,-0.945993998407479,"ENSMUSG00000022048",4520,"protein_coding",12934,10.0709050676492
"ENSMUSG00000025743.14","Sdc3",-0.321111506065635,-4.2804889591415,0.000345384206149608,0.0227964335691331,-0.223646134154927,"ENSMUSG00000025743",5989,"protein_coding",20970,6.92958115035054
"ENSMUSG00000045136.5","Tubb2b",-0.469903847117793,-4.27673225162901,0.0003484715841203,0.0229287809091826,0.0165885211189352,"ENSMUSG00000045136",1922,"protein_coding",73710,5.58711938662241
"ENSMUSG00000004626.14","Stxbp2",1.37013827589401,4.27175200029457,0.00035260719300405,0.0231290668674205,-0.0638420130527715,"ENSMUSG00000004626",4159,"protein_coding",20911,1.62957662680667
"ENSMUSG00000066438.6","Plekhd1",-1.52126643249825,-4.26209538999851,0.000360766736468981,0.0235912495233589,-0.081017541257097,"ENSMUSG00000066438",3939,"protein_coding",217682,1.40504405719707
"ENSMUSG00000052684.4","Jun",-0.447882360860617,-4.25930388137474,0.000363160539745342,0.0236747149402602,0.0277040125031425,"ENSMUSG00000052684",3189,"protein_coding",16476,5.29699320935703
"ENSMUSG00000031284.16","Pak3",-0.230411799120853,-4.25609609211868,0.000365930974885746,0.0237101188830379,-0.579963860227877,"ENSMUSG00000031284",9552,"protein_coding",18481,8.37086954541327
"ENSMUSG00000031026.15","Trim66",0.368148568353858,4.25608360816216,0.000365941798024892,0.0237101188830379,-0.170989482968296,"ENSMUSG00000031026",10125,"protein_coding",330627,6.38301152310377
"ENSMUSG00000062044.15","Lmtk3",-0.344692577348241,-4.24615308854858,0.000374653595855151,0.0241498998984919,-0.197210153480127,"ENSMUSG00000062044",5744,"protein_coding",381983,6.36319206678884
"ENSMUSG00000031303.8","Map3k15",-1.76416921560173,-4.24575281937366,0.000375009065304378,0.0241498998984919,-0.643907878614791,"ENSMUSG00000031303",4348,"protein_coding",270672,-0.412440776630217
"ENSMUSG00000032479.15","Map4",-0.160621382435271,-4.23529175417723,0.000384420034872057,0.0246203937283401,-0.804505031536588,"ENSMUSG00000032479",15143,"protein_coding",17758,9.11711633089118
"ENSMUSG00000055447.18","Cd47",0.221749880556871,4.23505122288276,0.000384639180822229,0.0246203937283401,-0.726614031214647,"ENSMUSG00000055447",5277,"protein_coding",16423,8.81382154829032
"ENSMUSG00000046157.13","Tmem229b",0.371363981451645,4.23005844769937,0.00038921641263464,0.0248310486547478,-0.209967903832259,"ENSMUSG00000046157",4732,"protein_coding",268567,6.26359007368638
"ENSMUSG00000066551.12","Hmgb1",0.533903532527338,4.2289130087827,0.000390274187097325,0.0248310486547478,-0.0195586801774432,"ENSMUSG00000066551",5023,"protein_coding",15289,5.22710203022867
"ENSMUSG00000054364.4","Rhob",-0.374565566243043,-4.22482709113662,0.000394070898364735,0.0249678365525673,-0.294194198484914,"ENSMUSG00000054364",2223,"protein_coding",11852,6.61717374617135
"ENSMUSG00000027359.16","Slc27a2",-0.867483394436817,-4.22359643993485,0.000395221673452139,0.0249678365525673,0.181225095347493,"ENSMUSG00000027359",3754,"protein_coding",26458,3.52193031274072
"ENSMUSG00000003279.16","Dlgap1",-0.13877451494224,-4.22280932903654,0.000395959460124728,0.0249678365525673,-0.983589726723092,"ENSMUSG00000003279",16992,"protein_coding",224997,9.69934897272192
"ENSMUSG00000049281.15","Scn3b",-0.336442112839642,-4.21935256398491,0.000399215968252674,0.0250984828467935,-0.24129299100319,"ENSMUSG00000049281",5546,"protein_coding",235281,6.26804877073325
"ENSMUSG00000023032.12","Slc4a8",-0.255157133469923,-4.21255108434069,0.000405701916682256,0.025430788487417,-0.721983773819271,"ENSMUSG00000023032",13021,"protein_coding",59033,8.53854844276087
"ENSMUSG00000072294.4","Klf12",-0.33942327145006,-4.21099936605006,0.000407196365895313,0.0254491722838466,-0.241155208595852,"ENSMUSG00000072294",1856,"protein_coding",16597,6.15875513799901
"ENSMUSG00000050447.15","Lypd6",-0.349407749443128,-4.20267341426687,0.000415309644422908,0.0258798983423181,-0.370683651518042,"ENSMUSG00000050447",3729,"protein_coding",320343,6.74430735332347
"ENSMUSG00000022577.16","Ly6h",-0.423161014838458,-4.19601734164447,0.000421911919037124,0.0260854702707776,-0.133452828983807,"ENSMUSG00000022577",4011,"protein_coding",23934,5.38771116192841
"ENSMUSG00000028399.18","Ptprd",-0.250537473053736,-4.19564745518291,0.000422281881303902,0.0260854702707776,-0.744723850499057,"ENSMUSG00000028399",22822,"protein_coding",19266,8.47339128994626
"ENSMUSG00000039633.6","Lonrf1",0.471550905926614,4.19562716931383,0.00042230218071821,0.0260854702707776,-0.0540100288574275,"ENSMUSG00000039633",3930,"protein_coding",244421,4.9790734818002
"ENSMUSG00000013833.15","Med16",-0.539488658888072,-4.19373235359497,0.00042420257336796,0.0261266858196133,-0.0297107380461883,"ENSMUSG00000013833",4663,"protein_coding",216154,4.76011033332821
"ENSMUSG00000000278.10","Scpep1",0.894491390731582,4.18995782460782,0.000428013752147021,0.0262850068601128,0.11450215925433,"ENSMUSG00000000278",2097,"protein_coding",74617,3.44768320876527
"ENSMUSG00000020230.14","Prmt2",-0.46231700529445,-4.18471451111135,0.000433364896163375,0.0265367111416573,-0.135734520820218,"ENSMUSG00000020230",3177,"protein_coding",15468,5.25587370279951
"ENSMUSG00000110235.1","Gm5086",-1.87756287315777,-4.18159814602196,0.000436577010929139,0.0266563606067887,-0.826687994010398,"ENSMUSG00000110235",2157,"lincRNA",NA,-0.660382406577857
"ENSMUSG00000003545.3","Fosb",1.26110983208188,4.17629297781708,0.0004421000604206,0.0268860778811981,0.0709554611741341,"ENSMUSG00000003545",6243,"protein_coding",14282,2.94262757264049
"ENSMUSG00000030125.11","Lrrc23",1.81092477342536,4.1753101989645,0.000443130848728044,0.0268860778811981,-0.948890641476829,"ENSMUSG00000030125",1734,"protein_coding",16977,-1.51526290940202
"ENSMUSG00000057060.7","Slc35f3",-0.395727184973247,-4.17434429417017,0.000444146281135571,0.0268860778811981,-0.186700822853108,"ENSMUSG00000057060",2309,"protein_coding",210027,5.40447476481008
"ENSMUSG00000047507.12","Baiap3",-1.27487777805465,-4.16827514655049,0.000450580101289464,0.0271698154694937,0.00528737982806327,"ENSMUSG00000047507",5112,"protein_coding",545192,2.42897646576377
"ENSMUSG00000002900.15","Lamb1",-0.41292330541226,-4.16750957598948,0.000451398265222155,0.0271698154694937,-0.209842484331757,"ENSMUSG00000002900",9917,"protein_coding",16777,5.44392282099207
"ENSMUSG00000037610.15","Kcnmb2",-0.548062961080917,-4.16582289737171,0.000453206062313318,0.0272013508278534,-0.0269329551350941,"ENSMUSG00000037610",3128,"protein_coding",72413,4.3298896072613
"ENSMUSG00000022892.10","App",-0.161924871598867,-4.15052831070432,0.000469933007115691,0.0281256232253112,-1.5095368944391,"ENSMUSG00000022892",3128,"protein_coding",11820,10.9299855976573
"ENSMUSG00000020340.16","Cyfip2",-0.124729304614436,-4.1490483510708,0.000471583964188564,0.0281449280260932,-1.30876752441387,"ENSMUSG00000020340",7103,"protein_coding",76884,10.2509410999131
"ENSMUSG00000002265.16","Peg3",0.359673092961057,4.14767338248391,0.000473122995095219,0.0281574631940517,-1.20904651557024,"ENSMUSG00000002265",13324,"protein_coding",18616,9.91563060841128
"ENSMUSG00000023036.14","Pcdhgc4",-0.38931751771905,-4.1425245956251,0.00047893087805305,0.0284232731465266,-0.369226593198676,"ENSMUSG00000023036",5596,"protein_coding",93707,5.9961019475147
"ENSMUSG00000050989.9","Selenon",-0.504320004940086,-4.13936841149983,0.000482526263382886,0.0285475933921618,-0.187240058129817,"ENSMUSG00000050989",3619,"protein_coding",74777,4.95750426924448
"ENSMUSG00000010755.17","Cars",0.622144055315447,4.13827446693861,0.000483778722430173,0.0285475933921618,-0.186104211126906,"ENSMUSG00000010755",6583,"protein_coding",27267,5.00015912739131
"ENSMUSG00000021130.7","Galnt16",-0.388443506654072,-4.13715140257254,0.000485067901127024,0.0285475933921618,-0.359060137135344,"ENSMUSG00000021130",3920,"protein_coding",108760,5.8767481757418
"ENSMUSG00000051527.11","Usp29",0.353547680100305,4.12970207801847,0.00049370642387964,0.0289755069327921,-0.511120872237335,"ENSMUSG00000051527",18078,"protein_coding",57775,6.61855801713742
"ENSMUSG00000030683.11","Sez6l2",-0.239620949176327,-4.12798053805115,0.00049572455970958,0.0290135807916212,-0.839911395861344,"ENSMUSG00000030683",4210,"protein_coding",233878,8.18472181439662
"ENSMUSG00000030428.16","Ttyh1",0.300888740365731,4.12587562981008,0.000498203317814032,0.0290783297369859,-0.597934492628032,"ENSMUSG00000030428",6379,"protein_coding",57776,7.03224437505969
"ENSMUSG00000018339.11","Gpx3",0.739351323564616,4.12053590927704,0.000504547120759464,0.0293676918888208,-0.0357140074346312,"ENSMUSG00000018339",1813,"protein_coding",14778,3.46101981647152
"ENSMUSG00000045382.6","Cxcr4",-2.08651903574817,-4.11683401458595,0.000508992431827237,0.0295452675428046,-0.949359144551257,"ENSMUSG00000045382",1808,"protein_coding",12767,-0.705622285082016
"ENSMUSG00000021514.17","Zfp369",-0.511151360748138,-4.11462715684186,0.000511661066107803,0.0296190246110001,-0.217374058167199,"ENSMUSG00000021514",5896,"protein_coding",170936,4.81203478835861
"ENSMUSG00000025089.15","Gfra1",-0.563323330626132,-4.11207309118642,0.00051476701452045,0.029642215175012,-0.163076790813937,"ENSMUSG00000025089",5476,"protein_coding",14585,4.43762127651549
"ENSMUSG00000023805.16","Synj2",-0.394898645882689,-4.11176634758176,0.000515141303939112,0.029642215175012,-0.428347116772071,"ENSMUSG00000023805",8342,"protein_coding",20975,5.93447009407307
"ENSMUSG00000001138.13","Cnnm3",-0.500813801506559,-4.11085175736526,0.000516258904025082,0.029642215175012,-0.170334698994885,"ENSMUSG00000001138",6420,"protein_coding",94218,4.466000066862
"ENSMUSG00000031491.10","Chrna6",1.71719149965172,4.10482581954533,0.000523683201265927,0.0299872323924897,-0.700583059056182,"ENSMUSG00000031491",2906,"protein_coding",11440,0.75283944444819
"ENSMUSG00000061576.15","Dpp6",-0.23313591346208,-4.09857313365574,0.000531499619515763,0.0303527828535862,-1.03761268930318,"ENSMUSG00000061576",12347,"protein_coding",13483,8.73810561308419
"ENSMUSG00000020262.15","Adarb1",0.231881338267284,4.09632469881734,0.000534338756759414,0.0304209837618864,-1.04912792300664,"ENSMUSG00000020262",11272,"protein_coding",110532,8.79642858578748
"ENSMUSG00000041313.14","Slc7a1",0.532750836036702,4.095356851078,0.000535565532788202,0.0304209837618864,-0.614260759126366,"ENSMUSG00000041313",11530,"protein_coding",11987,6.75458398283862
"ENSMUSG00000047654.6","Tssk6",1.9428285190285,4.09194214013302,0.000539916291308474,0.0305861135399803,-1.04553626744203,"ENSMUSG00000047654",1335,"protein_coding",83984,-1.10878422190627
"ENSMUSG00000063919.10","Srrm4",-0.303321220966548,-4.08706679004357,0.000546189317034107,0.0308589681600043,-0.546995588848374,"ENSMUSG00000063919",8662,"protein_coding",68955,6.26027757384134
"ENSMUSG00000024776.17","Stambpl1",-0.417514525939484,-4.08301872278349,0.000551453150547655,0.0310223595886704,-0.355671827732801,"ENSMUSG00000024776",5557,"protein_coding",76630,5.17790041764444
"ENSMUSG00000036800.7","Fam135b",-0.241342623322824,-4.08120744813427,0.000553824781141311,0.0310223595886704,-0.826782982558099,"ENSMUSG00000036800",4623,"protein_coding",70363,7.61586716478864
"ENSMUSG00000042834.14","Nrep",0.370463858458314,4.08059380314071,0.000554630577168662,0.0310223595886704,-0.68274190742464,"ENSMUSG00000042834",2513,"protein_coding",27528,6.92806852101025
"ENSMUSG00000020620.14","Abca8b",-0.499717042166298,-4.08035981990731,0.00055493813584302,0.0310223595886704,-0.280642266272251,"ENSMUSG00000020620",7423,"protein_coding",27404,4.72225290465202
"ENSMUSG00000039953.13","Clstn1",-0.140601791131704,-4.07839174711166,0.000557531812012728,0.0310563750508212,-1.48696248283826,"ENSMUSG00000039953",4662,"protein_coding",65945,10.2869033496922
"ENSMUSG00000040690.15","Col16a1",1.67416080424089,4.07767586079755,0.000558478259987863,0.0310563750508212,-0.861439808851881,"ENSMUSG00000040690",6750,"protein_coding",107581,0.312430155041982
"ENSMUSG00000027500.10","Stmn2",0.209628695032145,4.07295886621919,0.000564754655654543,0.031323185574222,-1.08499647913673,"ENSMUSG00000027500",5602,"protein_coding",20257,8.71583398089036
"ENSMUSG00000032174.4","Icam5",-0.496451510871973,-4.0707322958322,0.000567741724533153,0.0313911754945485,-0.241708041647618,"ENSMUSG00000032174",2982,"protein_coding",15898,4.34857172226515
"ENSMUSG00000026628.13","Atf3",2.03336865865742,4.0694243671962,0.000569503730655865,0.0313911754945485,-1.03118792794767,"ENSMUSG00000026628",2154,"protein_coding",11910,-0.705622285082016
"ENSMUSG00000055341.9","Zfp457",2.01759803761346,4.06874183783666,0.000570425381856855,0.0313911754945485,-0.994053899511656,"ENSMUSG00000055341",2836,"protein_coding",431706,-0.458621242254581
"ENSMUSG00000020681.14","Ace",-0.669668808944165,-4.06534053970142,0.000575040553461315,0.0315631715186137,-0.196954564986769,"ENSMUSG00000020681",5287,"protein_coding",11421,3.90572294882194
"ENSMUSG00000040612.13","Ildr2",0.259662126563074,4.06048985482821,0.000581686914516516,0.031845479736076,-0.785194890283852,"ENSMUSG00000040612",8251,"protein_coding",100039795,7.1987029635455
"ENSMUSG00000020366.18","Mapk9",0.180055834308884,4.05915850341578,0.000583524488819712,0.0318637457335651,-1.16603420360938,"ENSMUSG00000020366",6784,"protein_coding",26420,8.91563008669664
"ENSMUSG00000050321.2","Neto1",-0.22402145830242,-4.05506974399972,0.000589204215263381,0.0320911817706562,-0.873691616267407,"ENSMUSG00000050321",3531,"protein_coding",246317,7.54173427655681
"ENSMUSG00000044216.6","Kcnj4",0.308641837555573,4.04256229319654,0.000606923093351683,0.0329714860995952,-0.679321431950706,"ENSMUSG00000044216",2148,"protein_coding",16520,6.44296812533425
"ENSMUSG00000015962.5","1700016C15Rik",1.99123972305704,4.03517499308548,0.00061763707437998,0.033467715332196,-0.866367818871996,"ENSMUSG00000015962",768,"protein_coding",69428,0.403864469183999
"ENSMUSG00000036782.13","Klhl13",-0.359023623617052,-4.02165112231854,0.000637742126503951,0.0344689858016307,-0.639569940126778,"ENSMUSG00000036782",4253,"protein_coding",67455,5.94501055340711
"ENSMUSG00000058672.6","Tubb2a",-0.234350177990725,-4.01914411117427,0.000641540201889876,0.0345315045497216,-1.274938638288,"ENSMUSG00000058672",1584,"protein_coding",22151,8.95222515824753
"ENSMUSG00000074896.3","Ifit3",-1.0626104878391,-4.01804650072196,0.000643210151032724,0.0345315045497216,-0.25779868011325,"ENSMUSG00000074896",1745,"protein_coding",15959,2.81556104473091
"ENSMUSG00000055296.14","Tmem245",-0.231444667576191,-4.01766711256628,0.000643788374811915,0.0345315045497216,-0.86747240385918,"ENSMUSG00000055296",17090,"protein_coding",242474,7.0858619626091
"ENSMUSG00000103255.1","Pcdhac1",-0.810952417119075,-4.01486640188608,0.000648072987897173,0.0345963679874924,-0.275485217775903,"ENSMUSG00000103255",5419,"protein_coding",353236,3.57517770885842
"ENSMUSG00000039419.17","Cntnap2",-0.282684307449947,-4.01474232039851,0.000648263467741278,0.0345963679874924,-1.33089791105043,"ENSMUSG00000039419",10248,"protein_coding",66797,9.13068866190367
"ENSMUSG00000027669.14","Gnb4",0.60343612790354,4.00850749011806,0.000657906871093315,0.0350227961755127,-0.548505906003355,"ENSMUSG00000027669",12692,"protein_coding",14696,5.36352375891942
"ENSMUSG00000027581.12","Stmn3",-0.17762785545286,-4.00157610636161,0.000668795544934045,0.0355132110539289,-1.29113406597866,"ENSMUSG00000027581",1136,"protein_coding",20262,8.85241403097908
"ENSMUSG00000103567.1","Pcdhga5",-0.675661101323611,-3.99681375302638,0.000676380738918661,0.0358261967886742,-0.296673501684742,"ENSMUSG00000103567",4664,"protein_coding",93713,3.24590354368913
"ENSMUSG00000047434.13","Xxylt1",-0.41247339771009,-3.99502380257008,0.000679253777496287,0.0358886528274659,-0.541155172898245,"ENSMUSG00000047434",3412,"protein_coding",268880,5.0976143326666
"ENSMUSG00000040249.15","Lrp1",-0.22993830075247,-3.99195683996897,0.000684204834555664,0.0360603179844051,-1.40033238711732,"ENSMUSG00000040249",17717,"protein_coding",16971,9.20102362565439
"ENSMUSG00000020396.8","Nefh",0.318441907215088,3.9858234051917,0.000694214261259392,0.0364970658890887,-1.24430770661004,"ENSMUSG00000020396",3994,"protein_coding",380684,8.52313732690188
"ENSMUSG00000024892.15","Pcx",-0.368771024384144,-3.97512439866026,0.00071202482569085,0.0373407672819605,-0.785711216885383,"ENSMUSG00000024892",4272,"protein_coding",18563,6.14911873573158
"ENSMUSG00000032422.17","Snx14",-0.358055102391997,-3.97100390034319,0.00071900493963307,0.0376137226074219,-0.730220879262257,"ENSMUSG00000032422",6107,"protein_coding",244962,5.80578686091616
"ENSMUSG00000029838.11","Ptn",0.402373702244408,3.96676453020162,0.000726257544094105,0.0378995531692655,-0.920042437256759,"ENSMUSG00000029838",3433,"protein_coding",19242,6.78736656166614
"ENSMUSG00000027335.9","Adra1d",-0.762773037676725,-3.96209297745795,0.000734333901511544,0.0381967715656121,-0.370057818312732,"ENSMUSG00000027335",1899,"protein_coding",11550,3.22653833948669
"ENSMUSG00000038486.9","Sv2a",-0.177103748321677,-3.96138897911698,0.000735558729351476,0.0381967715656121,-1.64795318628529,"ENSMUSG00000038486",4636,"protein_coding",64051,9.87263375725681
"ENSMUSG00000030306.14","Tmtc1",0.307802784179079,3.95933406078014,0.000739145555192273,0.0382891855204369,-0.987562101584982,"ENSMUSG00000030306",8578,"protein_coding",387314,7.03342075863041
"ENSMUSG00000022747.16","St3gal6",-0.444639654612695,-3.95729461312455,0.000742722593109007,0.0383806428785379,-0.677859800125833,"ENSMUSG00000022747",6080,"protein_coding",54613,5.36806865595012
"ENSMUSG00000036006.19","Ripor2",-0.274534309471085,-3.95601643148537,0.000744973206880798,0.0384032781853613,-0.970503847766472,"ENSMUSG00000036006",11662,"protein_coding",193385,6.87748468056182
"ENSMUSG00000022533.13","Atp13a3",-0.250567604417644,-3.95007003334821,0.000755533167049943,0.0388505777560918,-1.12884140124862,"ENSMUSG00000022533",9559,"protein_coding",224088,7.58942545100673
"ENSMUSG00000032776.9","Mctp2",1.39298630528635,3.94907336561038,0.000757317629360736,0.0388505777560918,-0.659496078704445,"ENSMUSG00000032776",12351,"protein_coding",244049,1.56735292872726
"ENSMUSG00000078307.2","AI593442",-0.196340211397575,-3.94548487329509,0.000763777379440178,0.0390873220729446,-1.48080928992989,"ENSMUSG00000078307",5615,"protein_coding",330941,9.09133441873821
"ENSMUSG00000069132.3","Nxph2",-0.638740632184031,-3.94214700406716,0.000769835189702474,0.0393024052150032,-0.555329170552944,"ENSMUSG00000069132",2579,"protein_coding",18232,4.48826705608368
"ENSMUSG00000031883.13","Car7",0.854721769405307,3.9364708515116,0.000780246670527266,0.0397381880011086,-0.421889593649217,"ENSMUSG00000031883",3637,"protein_coding",12354,3.22756233936502
"ENSMUSG00000070522.4","Gm6505",1.88268301931179,3.9345333681628,0.000783832477035566,0.0398250807936512,-1.09109803652293,"ENSMUSG00000070522",648,"processed_pseudogene",NA,0.0624398697675933
"ENSMUSG00000025221.15","Kcnip2",0.329559042620014,3.91409952648615,0.000822663268585882,0.0416073698058949,-1.02425354330127,"ENSMUSG00000025221",3476,"protein_coding",80906,6.6860719404054
"ENSMUSG00000034617.6","Mtrr",0.719506460889318,3.91400929679163,0.000822838908230045,0.0416073698058949,-0.47169199741144,"ENSMUSG00000034617",3692,"protein_coding",210009,3.28744972370948
"ENSMUSG00000097760.2","6030442K20Rik",-1.83617356222308,-3.90697691801764,0.000836643354458082,0.0422046732164366,-1.15359842567975,"ENSMUSG00000097760",2222,"processed_transcript",NA,-0.362843828992354
"ENSMUSG00000063065.13","Mapk3",-0.301711186090987,-3.90227955739499,0.00084599222970783,0.0424944167741092,-0.946486780262625,"ENSMUSG00000063065",2257,"protein_coding",26417,6.11432497532943
"ENSMUSG00000001986.16","Gria3",-0.186170531718896,-3.9020766249033,0.000846398446154439,0.0424944167741092,-1.50010109681888,"ENSMUSG00000001986",9859,"protein_coding",53623,8.75424715577175
"ENSMUSG00000041037.8","Irgq",-0.225642558399614,-3.89694484153375,0.000856735601347205,0.0428412222457799,-1.28234243006831,"ENSMUSG00000041037",6083,"protein_coding",210146,7.73382018687553
"ENSMUSG00000022456.15","Sept3",0.161414889709767,3.89664168204127,0.00085735017851563,0.0428412222457799,-1.47131974636275,"ENSMUSG00000022456",4971,"protein_coding",24050,8.5974937034613
"ENSMUSG00000024302.15","Dtna",0.222301677984113,3.89563530845308,0.000859393483447213,0.0428422817265791,-1.18380156433681,"ENSMUSG00000024302",6587,"protein_coding",13527,7.27200031394468
"ENSMUSG00000043301.15","Kcnj6",0.382879199236657,3.88705561538593,0.000877011081840981,0.0436179196971006,-0.873645331757073,"ENSMUSG00000043301",5807,"protein_coding",16522,5.58900283402444
"ENSMUSG00000092274.2","Neat1",0.876457874202469,3.88494393393777,0.000881401982561829,0.0437336388865046,-0.529130318839676,"ENSMUSG00000092274",20771,"lincRNA",NA,3.02105452455271
"ENSMUSG00000005262.12","Ufd1",-0.397613927529866,-3.88172886425799,0.00088812918683259,0.0439644698164068,-0.797709022055328,"ENSMUSG00000005262",4336,"protein_coding",22230,5.08040101576015
"ENSMUSG00000022867.9","Usp25",-0.300124007205051,-3.87781070024225,0.000896396554029235,0.0442702885552853,-1.11155216017864,"ENSMUSG00000022867",4412,"protein_coding",30940,6.67103615473171
"ENSMUSG00000045515.3","Pou3f3",0.295333759017127,3.87542144014614,0.00090147540156007,0.0444175798438447,-1.12011235756763,"ENSMUSG00000045515",7409,"protein_coding",18993,6.71683332566678
"ENSMUSG00000059203.10","Il1rapl2",-0.545369894060097,-3.87192646506102,0.000908956205352131,0.0446822624658831,-0.632683214128186,"ENSMUSG00000059203",4692,"protein_coding",60367,3.98036226567504
"ENSMUSG00000041380.13","Htr2c",-0.589070764611125,-3.87020866915057,0.00091265562663697,0.0447602656517535,-0.812237508578174,"ENSMUSG00000041380",9328,"protein_coding",15560,5.027865214088
"ENSMUSG00000031668.14","Eif2ak3",-0.396197952859461,-3.86760225776633,0.000918297340636946,0.0448180658558178,-0.869443281264996,"ENSMUSG00000031668",6026,"protein_coding",13666,5.29654689697771
"ENSMUSG00000092183.1","4930515G01Rik",-1.78190220557996,-3.86743785236408,0.000918654363999066,0.0448180658558178,-1.37836690515696,"ENSMUSG00000092183",1247,"antisense",NA,-1.7087569173093
"ENSMUSG00000025257.5","Ribc1",-1.91384238329478,-3.86673591959183,0.000920180235393436,0.0448180658558178,-1.36549292068362,"ENSMUSG00000025257",1547,"protein_coding",66611,-1.21990286638337
"ENSMUSG00000020703.3","5530401A14Rik",-1.95972158108466,-3.85098473035537,0.000955090189827885,0.0464116877336775,-1.26980775340032,"ENSMUSG00000020703",4548,"protein_coding",NA,-0.457635789304848
"ENSMUSG00000005583.16","Mef2c",-0.141945672297022,-3.84990257832738,0.000957536323472,0.0464240779986299,-2.07342970868574,"ENSMUSG00000005583",15715,"protein_coding",17260,10.4584174507874
"ENSMUSG00000072944.11","Nup62cl",1.88104357093444,3.84025848701041,0.000979612706084916,0.0473859689584957,-1.36978098919234,"ENSMUSG00000072944",2234,"protein_coding",279706,-0.753148595478412
"ENSMUSG00000049092.10","Gpr137c",-0.439466131340388,-3.83687881552068,0.000987468098252514,0.047583785319441,-0.849773206670461,"ENSMUSG00000049092",3679,"protein_coding",70713,4.82049730196586
"ENSMUSG00000037624.15","Kcnk2",-0.345677338768286,-3.83656786953992,0.000988193965193469,0.047583785319441,-0.981855270627894,"ENSMUSG00000037624",4943,"protein_coding",16526,5.51017016552845
"ENSMUSG00000005667.8","Mthfd2",1.54778255021427,3.83488362671578,0.00099213484525707,0.0476652176110239,-0.66960417761262,"ENSMUSG00000005667",3487,"protein_coding",17768,2.52315742475052
"ENSMUSG00000045441.5","Gprin3",0.560722036863545,3.82618087787837,0.00101274786379052,0.0485454502039134,-0.815263317892894,"ENSMUSG00000045441",8339,"protein_coding",243385,4.56174784944922
"ENSMUSG00000022512.2","Cldn1",-0.889182477511663,-3.81749615941226,0.00103374173937301,0.0494399237744831,-0.696654141497138,"ENSMUSG00000022512",3247,"protein_coding",12737,3.49201537376786
"ENSMUSG00000022216.16","Psme1",-0.466045371094522,-3.81283540977975,0.00104518577298636,0.0498746643519415,-0.81237183340453,"ENSMUSG00000022216",2209,"protein_coding",19186,4.29912906032235
